gem_name;weight;target
onyx;100;black_sandstone
onyx;100;black_siltstone
onyx;100;black_mudstone
onyx;100;black_shale
onyx;100;black_claystone
onyx;100;black_rock_salt
onyx;100;black_limestone
onyx;100;black_conglomerate
onyx;100;black_dolomite
onyx;100;black_chert
onyx;100;black_chalk
morion;100;black_sandstone
morion;100;black_siltstone
morion;100;black_mudstone
morion;100;black_shale
morion;100;black_claystone
morion;100;black_rock_salt
morion;100;black_limestone
morion;100;black_conglomerate
morion;100;black_dolomite
morion;100;black_chert
morion;100;black_chalk
morion;100;black_granite
morion;100;black_diorite
morion;100;black_gabbro
morion;100;black_rhyolite
morion;100;black_basalt
morion;100;black_andesite
morion;100;black_dacite
morion;100;black_obsidian
morion;100;black_quartzite
morion;100;black_slate
morion;100;black_phyllite
morion;100;black_schist
morion;100;black_gneiss
morion;100;black_marble
schorl;100;black_quartzite
schorl;100;black_slate
schorl;100;black_phyllite
schorl;100;black_schist
schorl;100;black_gneiss
schorl;100;black_marble
schorl;100;black_sandstone
schorl;100;black_siltstone
schorl;100;black_mudstone
schorl;100;black_shale
schorl;100;black_claystone
schorl;100;black_rock_salt
schorl;100;black_limestone
schorl;100;black_conglomerate
schorl;100;black_dolomite
schorl;100;black_chert
schorl;100;black_chalk
schorl;100;black_granite
lace_agate;5;black_sandstone,white_sandstone,yellow_sandstone,tan_sandstone
lace_agate;5;black_siltstone,white_siltstone,yellow_siltstone,tan_siltstone
lace_agate;5;black_mudstone,white_mudstone,yellow_mudstone,tan_mudstone
lace_agate;5;black_shale,white_shale,red_shale,yellow_shale
lace_agate;5;black_claystone,white_claystone,yellow_claystone,tan_claystone
lace_agate;5;black_rock_salt,white_rock_salt,red_rock_salt,yellow_rock_salt
lace_agate;5;black_limestone,white_limestone,red_limestone,yellow_limestone
lace_agate;5;black_conglomerate,white_conglomerate,yellow_conglomerate,tan_conglomerate
lace_agate;5;black_dolomite,white_dolomite,yellow_dolomite,tan_dolomite
lace_agate;5;black_chert,white_chert,yellow_chert,tan_chert
lace_agate;5;black_chalk,white_chalk,yellow_chalk,tan_chalk
blue_jade;25;black_siltstone,white_siltstone,yellow_siltstone,tan_siltstone
blue_jade;25;black_mudstone,white_mudstone,yellow_mudstone,tan_mudstone
blue_jade;25;black_claystone,white_claystone,yellow_claystone,tan_claystone
blue_jade;25;black_rock_salt,white_rock_salt,red_rock_salt,yellow_rock_salt
blue_jade;25;black_dolomite,white_dolomite,yellow_dolomite,tan_dolomite
blue_jade;25;black_chert,white_chert,yellow_chert,tan_chert
lapis_lazuli;25;black_granite,white_granite,red_granite,green_granite
lapis_lazuli;25;black_diorite,white_diorite,red_diorite,green_diorite
lapis_lazuli;25;black_gabbro,white_gabbro,red_gabbro,green_gabbro
lapis_lazuli;25;black_marble,white_marble,red_marble,green_marble
prase;100;yellow_sandstone
prase;100;yellow_siltstone
prase;100;yellow_mudstone
prase;100;yellow_shale
prase;100;yellow_claystone
prase;100;yellow_rock_salt
prase;100;yellow_limestone
prase;100;yellow_conglomerate
prase;100;yellow_dolomite
prase;100;yellow_chert
prase;100;yellow_chalk
prase;100;green_granite
prase;100;green_diorite
prase;100;green_gabbro
prase;100;green_rhyolite
prase;100;green_basalt
prase;100;green_andesite
prase;100;green_dacite
prase;100;green_obsidian
prase;100;green_quartzite
prase;100;green_slate
prase;100;green_phyllite
prase;100;green_schist
prase;100;green_gneiss
prase;100;green_marble
prase_opal;10;yellow_sandstone
prase_opal;10;yellow_siltstone
prase_opal;10;yellow_mudstone
prase_opal;10;yellow_shale
prase_opal;10;yellow_claystone
prase_opal;10;yellow_rock_salt
prase_opal;10;yellow_limestone
prase_opal;10;yellow_conglomerate
prase_opal;10;yellow_dolomite
prase_opal;10;yellow_chert
prase_opal;10;yellow_chalk
prase_opal;10;green_granite
prase_opal;10;green_diorite
prase_opal;10;green_gabbro
prase_opal;10;green_rhyolite
prase_opal;10;green_basalt
prase_opal;10;green_andesite
prase_opal;10;green_dacite
prase_opal;10;green_obsidian
prase_opal;10;green_quartzite
prase_opal;10;green_slate
prase_opal;10;green_phyllite
prase_opal;10;green_schist
prase_opal;10;green_gneiss
prase_opal;10;green_marble
bloodstone;100;yellow_sandstone
bloodstone;100;yellow_siltstone
bloodstone;100;yellow_mudstone
bloodstone;100;yellow_shale
bloodstone;100;yellow_claystone
bloodstone;100;yellow_rock_salt
bloodstone;100;yellow_limestone
bloodstone;100;yellow_conglomerate
bloodstone;100;yellow_dolomite
bloodstone;100;yellow_chert
bloodstone;100;yellow_chalk
moss_agate;20;white_sandstone
moss_agate;20;white_siltstone
moss_agate;20;white_mudstone
moss_agate;20;white_shale
moss_agate;20;white_claystone
moss_agate;20;white_rock_salt
moss_agate;20;white_limestone
moss_agate;20;white_conglomerate
moss_agate;20;white_dolomite
moss_agate;20;white_chert
moss_agate;20;white_chalk
moss_opal;10;yellow_sandstone
moss_opal;10;yellow_siltstone
moss_opal;10;yellow_mudstone
moss_opal;10;yellow_shale
moss_opal;10;yellow_claystone
moss_opal;10;yellow_rock_salt
moss_opal;10;yellow_limestone
moss_opal;10;yellow_conglomerate
moss_opal;10;yellow_dolomite
moss_opal;10;yellow_chert
moss_opal;10;yellow_chalk
moss_opal;10;green_granite
moss_opal;10;green_diorite
moss_opal;10;green_gabbro
moss_opal;10;green_rhyolite
moss_opal;10;green_basalt
moss_opal;10;green_andesite
moss_opal;10;green_dacite
moss_opal;10;green_obsidian
moss_opal;10;green_quartzite
moss_opal;10;green_slate
moss_opal;10;green_phyllite
moss_opal;10;green_schist
moss_opal;10;green_gneiss
moss_opal;10;green_marble
variscite;10;yellow_sandstone
variscite;10;yellow_siltstone
variscite;10;yellow_mudstone
variscite;10;yellow_shale
variscite;10;yellow_claystone
variscite;10;yellow_rock_salt
variscite;10;yellow_limestone
variscite;10;yellow_conglomerate
variscite;10;yellow_dolomite
variscite;10;yellow_chert
variscite;10;yellow_chalk
chrysoprase;100;yellow_sandstone
chrysoprase;100;yellow_siltstone
chrysoprase;100;yellow_mudstone
chrysoprase;100;yellow_shale
chrysoprase;100;yellow_claystone
chrysoprase;100;yellow_rock_salt
chrysoprase;100;yellow_limestone
chrysoprase;100;yellow_conglomerate
chrysoprase;100;yellow_dolomite
chrysoprase;100;yellow_chert
chrysoprase;100;yellow_chalk
chrysocolla;100;yellow_limestone
chrysocolla;100;green_marble
chrysocolla;100;yellow_dolomite
sard;100;tan_sandstone
sard;100;tan_siltstone
sard;100;tan_mudstone
sard;100;red_shale
sard;100;tan_claystone
sard;100;red_rock_salt
sard;100;red_limestone
sard;100;tan_conglomerate
sard;100;tan_dolomite
sard;100;tan_chert
sard;100;tan_chalk
carnelian;100;tan_sandstone
carnelian;100;tan_siltstone
carnelian;100;tan_mudstone
carnelian;100;red_shale
carnelian;100;tan_claystone
carnelian;100;red_rock_salt
carnelian;100;red_limestone
carnelian;100;tan_conglomerate
carnelian;100;tan_dolomite
carnelian;100;tan_chert
carnelian;100;tan_chalk
banded_agate;20;tan_sandstone
banded_agate;20;tan_siltstone
banded_agate;20;tan_mudstone
banded_agate;20;red_shale
banded_agate;20;tan_claystone
banded_agate;20;red_rock_salt
banded_agate;20;red_limestone
banded_agate;20;tan_conglomerate
banded_agate;20;tan_dolomite
banded_agate;20;tan_chert
banded_agate;20;tan_chalk
sardonyx;100;tan_sandstone
sardonyx;100;tan_siltstone
sardonyx;100;tan_mudstone
sardonyx;100;red_shale
sardonyx;100;tan_claystone
sardonyx;100;red_rock_salt
sardonyx;100;red_limestone
sardonyx;100;tan_conglomerate
sardonyx;100;tan_dolomite
sardonyx;100;tan_chert
sardonyx;100;tan_chalk
cherry_opal;10;tan_sandstone
cherry_opal;10;tan_siltstone
cherry_opal;10;tan_mudstone
cherry_opal;10;red_shale
cherry_opal;10;tan_claystone
cherry_opal;10;red_rock_salt
cherry_opal;10;red_limestone
cherry_opal;10;tan_conglomerate
cherry_opal;10;tan_dolomite
cherry_opal;10;tan_chert
cherry_opal;10;tan_chalk
cherry_opal;10;red_granite
cherry_opal;10;red_diorite
cherry_opal;10;red_gabbro
cherry_opal;10;red_rhyolite
cherry_opal;10;red_basalt
cherry_opal;10;red_andesite
cherry_opal;10;red_dacite
cherry_opal;10;red_obsidian
cherry_opal;10;tan_quartzite
cherry_opal;10;tan_slate
cherry_opal;10;red_phyllite
cherry_opal;10;red_schist
cherry_opal;10;red_gneiss
cherry_opal;10;red_marble
lavender_jade;25;black_siltstone,white_siltstone,yellow_siltstone,tan_siltstone
lavender_jade;25;black_mudstone,white_mudstone,yellow_mudstone,tan_mudstone
lavender_jade;25;black_claystone,white_claystone,yellow_claystone,tan_claystone
lavender_jade;25;black_rock_salt,white_rock_salt,red_rock_salt,yellow_rock_salt
lavender_jade;25;black_dolomite,white_dolomite,yellow_dolomite,tan_dolomite
lavender_jade;25;black_chert,white_chert,yellow_chert,tan_chert
pink_jade;25;black_siltstone,white_siltstone,yellow_siltstone,tan_siltstone
pink_jade;25;black_mudstone,white_mudstone,yellow_mudstone,tan_mudstone
pink_jade;25;black_claystone,white_claystone,yellow_claystone,tan_claystone
pink_jade;25;black_rock_salt,white_rock_salt,red_rock_salt,yellow_rock_salt
pink_jade;25;black_dolomite,white_dolomite,yellow_dolomite,tan_dolomite
pink_jade;25;black_chert,white_chert,yellow_chert,tan_chert
tube_agate;20;yellow_sandstone
tube_agate;20;yellow_siltstone
tube_agate;20;yellow_mudstone
tube_agate;20;yellow_shale
tube_agate;20;yellow_claystone
tube_agate;20;yellow_rock_salt
tube_agate;20;yellow_limestone
tube_agate;20;yellow_conglomerate
tube_agate;20;yellow_dolomite
tube_agate;20;yellow_chert
tube_agate;20;yellow_chalk
fire_agate;20;yellow_sandstone
fire_agate;20;yellow_siltstone
fire_agate;20;yellow_mudstone
fire_agate;20;yellow_shale
fire_agate;20;yellow_claystone
fire_agate;20;yellow_rock_salt
fire_agate;20;yellow_limestone
fire_agate;20;yellow_conglomerate
fire_agate;20;yellow_dolomite
fire_agate;20;yellow_chert
fire_agate;20;yellow_chalk
plume_agate;20;white_sandstone
plume_agate;20;white_siltstone
plume_agate;20;white_mudstone
plume_agate;20;white_shale
plume_agate;20;white_claystone
plume_agate;20;white_rock_salt
plume_agate;20;white_limestone
plume_agate;20;white_conglomerate
plume_agate;20;white_dolomite
plume_agate;20;white_chert
plume_agate;20;white_chalk
brown_jasper;100;tan_sandstone
brown_jasper;100;tan_siltstone
brown_jasper;100;tan_mudstone
brown_jasper;100;red_shale
brown_jasper;100;tan_claystone
brown_jasper;100;red_rock_salt
brown_jasper;100;red_limestone
brown_jasper;100;tan_conglomerate
brown_jasper;100;tan_dolomite
brown_jasper;100;tan_chert
brown_jasper;100;tan_chalk
picture_jasper;100;yellow_sandstone
picture_jasper;100;yellow_siltstone
picture_jasper;100;yellow_mudstone
picture_jasper;100;yellow_shale
picture_jasper;100;yellow_claystone
picture_jasper;100;yellow_rock_salt
picture_jasper;100;yellow_limestone
picture_jasper;100;yellow_conglomerate
picture_jasper;100;yellow_dolomite
picture_jasper;100;yellow_chert
picture_jasper;100;yellow_chalk
smoky_quartz;100;black_sandstone
smoky_quartz;100;black_siltstone
smoky_quartz;100;black_mudstone
smoky_quartz;100;black_shale
smoky_quartz;100;black_claystone
smoky_quartz;100;black_rock_salt
smoky_quartz;100;black_limestone
smoky_quartz;100;black_conglomerate
smoky_quartz;100;black_dolomite
smoky_quartz;100;black_chert
smoky_quartz;100;black_chalk
smoky_quartz;100;black_granite
smoky_quartz;100;black_diorite
smoky_quartz;100;black_gabbro
smoky_quartz;100;black_rhyolite
smoky_quartz;100;black_basalt
smoky_quartz;100;black_andesite
smoky_quartz;100;black_dacite
smoky_quartz;100;black_obsidian
smoky_quartz;100;black_quartzite
smoky_quartz;100;black_slate
smoky_quartz;100;black_phyllite
smoky_quartz;100;black_schist
smoky_quartz;100;black_gneiss
smoky_quartz;100;black_marble
wax_opal;10;white_sandstone
wax_opal;10;white_siltstone
wax_opal;10;white_mudstone
wax_opal;10;white_shale
wax_opal;10;white_claystone
wax_opal;10;white_rock_salt
wax_opal;10;white_limestone
wax_opal;10;white_conglomerate
wax_opal;10;white_dolomite
wax_opal;10;white_chert
wax_opal;10;white_chalk
wax_opal;10;white_granite
wax_opal;10;white_diorite
wax_opal;10;white_gabbro
wax_opal;10;white_rhyolite
wax_opal;10;white_basalt
wax_opal;10;white_andesite
wax_opal;10;white_dacite
wax_opal;10;white_obsidian
wax_opal;10;white_quartzite
wax_opal;10;white_slate
wax_opal;10;white_phyllite
wax_opal;10;white_schist
wax_opal;10;white_gneiss
wax_opal;10;white_marble
wood_opal;10;tan_sandstone
wood_opal;10;tan_siltstone
wood_opal;10;tan_mudstone
wood_opal;10;red_shale
wood_opal;10;tan_claystone
wood_opal;10;red_rock_salt
wood_opal;10;red_limestone
wood_opal;10;tan_conglomerate
wood_opal;10;tan_dolomite
wood_opal;10;tan_chert
wood_opal;10;tan_chalk
wood_opal;10;red_granite
wood_opal;10;red_diorite
wood_opal;10;red_gabbro
wood_opal;10;red_rhyolite
wood_opal;10;red_basalt
wood_opal;10;red_andesite
wood_opal;10;red_dacite
wood_opal;10;red_obsidian
wood_opal;10;tan_quartzite
wood_opal;10;tan_slate
wood_opal;10;red_phyllite
wood_opal;10;red_schist
wood_opal;10;red_gneiss
wood_opal;10;red_marble
amber_opal;10;yellow_sandstone
amber_opal;10;yellow_siltstone
amber_opal;10;yellow_mudstone
amber_opal;10;yellow_shale
amber_opal;10;yellow_claystone
amber_opal;10;yellow_rock_salt
amber_opal;10;yellow_limestone
amber_opal;10;yellow_conglomerate
amber_opal;10;yellow_dolomite
amber_opal;10;yellow_chert
amber_opal;10;yellow_chalk
amber_opal;10;green_granite
amber_opal;10;green_diorite
amber_opal;10;green_gabbro
amber_opal;10;green_rhyolite
amber_opal;10;green_basalt
amber_opal;10;green_andesite
amber_opal;10;green_dacite
amber_opal;10;green_obsidian
amber_opal;10;green_quartzite
amber_opal;10;green_slate
amber_opal;10;green_phyllite
amber_opal;10;green_schist
amber_opal;10;green_gneiss
amber_opal;10;green_marble
gold_opal;10;yellow_sandstone
gold_opal;10;yellow_siltstone
gold_opal;10;yellow_mudstone
gold_opal;10;yellow_shale
gold_opal;10;yellow_claystone
gold_opal;10;yellow_rock_salt
gold_opal;10;yellow_limestone
gold_opal;10;yellow_conglomerate
gold_opal;10;yellow_dolomite
gold_opal;10;yellow_chert
gold_opal;10;yellow_chalk
gold_opal;10;green_granite
gold_opal;10;green_diorite
gold_opal;10;green_gabbro
gold_opal;10;green_rhyolite
gold_opal;10;green_basalt
gold_opal;10;green_andesite
gold_opal;10;green_dacite
gold_opal;10;green_obsidian
gold_opal;10;green_quartzite
gold_opal;10;green_slate
gold_opal;10;green_phyllite
gold_opal;10;green_schist
gold_opal;10;green_gneiss
gold_opal;10;green_marble
citrine;100;white_sandstone
citrine;100;white_siltstone
citrine;100;white_mudstone
citrine;100;white_shale
citrine;100;white_claystone
citrine;100;white_rock_salt
citrine;100;white_limestone
citrine;100;white_conglomerate
citrine;100;white_dolomite
citrine;100;white_chert
citrine;100;white_chalk
citrine;100;white_granite
citrine;100;white_diorite
citrine;100;white_gabbro
citrine;100;white_rhyolite
citrine;100;white_basalt
citrine;100;white_andesite
citrine;100;white_dacite
citrine;100;white_obsidian
citrine;100;white_quartzite
citrine;100;white_slate
citrine;100;white_phyllite
citrine;100;white_schist
citrine;100;white_gneiss
citrine;100;white_marble
yellow_jasper;100;yellow_sandstone
yellow_jasper;100;yellow_siltstone
yellow_jasper;100;yellow_mudstone
yellow_jasper;100;yellow_shale
yellow_jasper;100;yellow_claystone
yellow_jasper;100;yellow_rock_salt
yellow_jasper;100;yellow_limestone
yellow_jasper;100;yellow_conglomerate
yellow_jasper;100;yellow_dolomite
yellow_jasper;100;yellow_chert
yellow_jasper;100;yellow_chalk
tigereye;100;yellow_sandstone
tigereye;100;yellow_siltstone
tigereye;100;yellow_mudstone
tigereye;100;yellow_shale
tigereye;100;yellow_claystone
tigereye;100;yellow_rock_salt
tigereye;100;yellow_limestone
tigereye;100;yellow_conglomerate
tigereye;100;yellow_dolomite
tigereye;100;yellow_chert
tigereye;100;yellow_chalk
tiger_iron;100;yellow_sandstone
tiger_iron;100;yellow_siltstone
tiger_iron;100;yellow_mudstone
tiger_iron;100;yellow_shale
tiger_iron;100;yellow_claystone
tiger_iron;100;yellow_rock_salt
tiger_iron;100;yellow_limestone
tiger_iron;100;yellow_conglomerate
tiger_iron;100;yellow_dolomite
tiger_iron;100;yellow_chert
tiger_iron;100;yellow_chalk
sunstone;25;black_basalt,white_basalt,red_basalt,green_basalt
sunstone;25;black_gneiss,white_gneiss,red_gneiss,green_gneiss
resin_opal;10;yellow_sandstone
resin_opal;10;yellow_siltstone
resin_opal;10;yellow_mudstone
resin_opal;10;yellow_shale
resin_opal;10;yellow_claystone
resin_opal;10;yellow_rock_salt
resin_opal;10;yellow_limestone
resin_opal;10;yellow_conglomerate
resin_opal;10;yellow_dolomite
resin_opal;10;yellow_chert
resin_opal;10;yellow_chalk
resin_opal;10;green_granite
resin_opal;10;green_diorite
resin_opal;10;green_gabbro
resin_opal;10;green_rhyolite
resin_opal;10;green_basalt
resin_opal;10;green_andesite
resin_opal;10;green_dacite
resin_opal;10;green_obsidian
resin_opal;10;green_quartzite
resin_opal;10;green_slate
resin_opal;10;green_phyllite
resin_opal;10;green_schist
resin_opal;10;green_gneiss
resin_opal;10;green_marble
pyrite;100;white_sandstone
pyrite;100;white_siltstone
pyrite;100;white_mudstone
pyrite;100;white_shale
pyrite;100;white_claystone
pyrite;100;white_rock_salt
pyrite;100;white_limestone
pyrite;100;white_conglomerate
pyrite;100;white_dolomite
pyrite;100;white_chert
pyrite;100;white_chalk
pyrite;100;white_granite
pyrite;100;white_diorite
pyrite;100;white_gabbro
pyrite;100;white_rhyolite
pyrite;100;white_basalt
pyrite;100;white_andesite
pyrite;100;white_dacite
pyrite;100;white_obsidian
pyrite;100;white_quartzite
pyrite;100;white_slate
pyrite;100;white_phyllite
pyrite;100;white_schist
pyrite;100;white_gneiss
pyrite;100;white_marble
clear_tourmaline;100;white_quartzite
clear_tourmaline;100;white_slate
clear_tourmaline;100;white_phyllite
clear_tourmaline;100;white_schist
clear_tourmaline;100;white_gneiss
clear_tourmaline;100;white_marble
clear_tourmaline;100;white_sandstone
clear_tourmaline;100;white_siltstone
clear_tourmaline;100;white_mudstone
clear_tourmaline;100;white_shale
clear_tourmaline;100;white_claystone
clear_tourmaline;100;white_rock_salt
clear_tourmaline;100;white_limestone
clear_tourmaline;100;white_conglomerate
clear_tourmaline;100;white_dolomite
clear_tourmaline;100;white_chert
clear_tourmaline;100;white_chalk
clear_tourmaline;100;white_granite
gray_chalcedony;100;black_sandstone
gray_chalcedony;100;black_siltstone
gray_chalcedony;100;black_mudstone
gray_chalcedony;100;black_shale
gray_chalcedony;100;black_claystone
gray_chalcedony;100;black_rock_salt
gray_chalcedony;100;black_limestone
gray_chalcedony;100;black_conglomerate
gray_chalcedony;100;black_dolomite
gray_chalcedony;100;black_chert
gray_chalcedony;100;black_chalk
dendritic_agate;20;white_sandstone
dendritic_agate;20;white_siltstone
dendritic_agate;20;white_mudstone
dendritic_agate;20;white_shale
dendritic_agate;20;white_claystone
dendritic_agate;20;white_rock_salt
dendritic_agate;20;white_limestone
dendritic_agate;20;white_conglomerate
dendritic_agate;20;white_dolomite
dendritic_agate;20;white_chert
dendritic_agate;20;white_chalk
shell_opal;10;white_sandstone
shell_opal;10;white_siltstone
shell_opal;10;white_mudstone
shell_opal;10;white_shale
shell_opal;10;white_claystone
shell_opal;10;white_rock_salt
shell_opal;10;white_limestone
shell_opal;10;white_conglomerate
shell_opal;10;white_dolomite
shell_opal;10;white_chert
shell_opal;10;white_chalk
shell_opal;10;white_granite
shell_opal;10;white_diorite
shell_opal;10;white_gabbro
shell_opal;10;white_rhyolite
shell_opal;10;white_basalt
shell_opal;10;white_andesite
shell_opal;10;white_dacite
shell_opal;10;white_obsidian
shell_opal;10;white_quartzite
shell_opal;10;white_slate
shell_opal;10;white_phyllite
shell_opal;10;white_schist
shell_opal;10;white_gneiss
shell_opal;10;white_marble
bone_opal;10;white_sandstone
bone_opal;10;white_siltstone
bone_opal;10;white_mudstone
bone_opal;10;white_shale
bone_opal;10;white_claystone
bone_opal;10;white_rock_salt
bone_opal;10;white_limestone
bone_opal;10;white_conglomerate
bone_opal;10;white_dolomite
bone_opal;10;white_chert
bone_opal;10;white_chalk
bone_opal;10;white_granite
bone_opal;10;white_diorite
bone_opal;10;white_gabbro
bone_opal;10;white_rhyolite
bone_opal;10;white_basalt
bone_opal;10;white_andesite
bone_opal;10;white_dacite
bone_opal;10;white_obsidian
bone_opal;10;white_quartzite
bone_opal;10;white_slate
bone_opal;10;white_phyllite
bone_opal;10;white_schist
bone_opal;10;white_gneiss
bone_opal;10;white_marble
white_chalcedony;100;white_sandstone
white_chalcedony;100;white_siltstone
white_chalcedony;100;white_mudstone
white_chalcedony;100;white_shale
white_chalcedony;100;white_claystone
white_chalcedony;100;white_rock_salt
white_chalcedony;100;white_limestone
white_chalcedony;100;white_conglomerate
white_chalcedony;100;white_dolomite
white_chalcedony;100;white_chert
white_chalcedony;100;white_chalk
fortification_agate;20;tan_sandstone
fortification_agate;20;tan_siltstone
fortification_agate;20;tan_mudstone
fortification_agate;20;red_shale
fortification_agate;20;tan_claystone
fortification_agate;20;red_rock_salt
fortification_agate;20;red_limestone
fortification_agate;20;tan_conglomerate
fortification_agate;20;tan_dolomite
fortification_agate;20;tan_chert
fortification_agate;20;tan_chalk
milk_quartz;100;white_sandstone
milk_quartz;100;white_siltstone
milk_quartz;100;white_mudstone
milk_quartz;100;white_shale
milk_quartz;100;white_claystone
milk_quartz;100;white_rock_salt
milk_quartz;100;white_limestone
milk_quartz;100;white_conglomerate
milk_quartz;100;white_dolomite
milk_quartz;100;white_chert
milk_quartz;100;white_chalk
milk_quartz;100;white_granite
milk_quartz;100;white_diorite
milk_quartz;100;white_gabbro
milk_quartz;100;white_rhyolite
milk_quartz;100;white_basalt
milk_quartz;100;white_andesite
milk_quartz;100;white_dacite
milk_quartz;100;white_obsidian
milk_quartz;100;white_quartzite
milk_quartz;100;white_slate
milk_quartz;100;white_phyllite
milk_quartz;100;white_schist
milk_quartz;100;white_gneiss
milk_quartz;100;white_marble
moonstone;100;white_quartzite
moonstone;100;white_slate
moonstone;100;white_phyllite
moonstone;100;white_schist
moonstone;100;white_gneiss
moonstone;100;white_marble
white_jade;100;white_siltstone
white_jade;100;white_mudstone
white_jade;100;white_claystone
white_jade;100;white_rock_salt
white_jade;100;white_dolomite
white_jade;100;white_chert
jasper_opal;10;tan_sandstone
jasper_opal;10;tan_siltstone
jasper_opal;10;tan_mudstone
jasper_opal;10;red_shale
jasper_opal;10;tan_claystone
jasper_opal;10;red_rock_salt
jasper_opal;10;red_limestone
jasper_opal;10;tan_conglomerate
jasper_opal;10;tan_dolomite
jasper_opal;10;tan_chert
jasper_opal;10;tan_chalk
jasper_opal;10;red_granite
jasper_opal;10;red_diorite
jasper_opal;10;red_gabbro
jasper_opal;10;red_rhyolite
jasper_opal;10;red_basalt
jasper_opal;10;red_andesite
jasper_opal;10;red_dacite
jasper_opal;10;red_obsidian
jasper_opal;10;tan_quartzite
jasper_opal;10;tan_slate
jasper_opal;10;red_phyllite
jasper_opal;10;red_schist
jasper_opal;10;red_gneiss
jasper_opal;10;red_marble
pineapple_opal;10;white_sandstone
pineapple_opal;10;white_siltstone
pineapple_opal;10;white_mudstone
pineapple_opal;10;white_shale
pineapple_opal;10;white_claystone
pineapple_opal;10;white_rock_salt
pineapple_opal;10;white_limestone
pineapple_opal;10;white_conglomerate
pineapple_opal;10;white_dolomite
pineapple_opal;10;white_chert
pineapple_opal;10;white_chalk
pineapple_opal;10;white_granite
pineapple_opal;10;white_diorite
pineapple_opal;10;white_gabbro
pineapple_opal;10;white_rhyolite
pineapple_opal;10;white_basalt
pineapple_opal;10;white_andesite
pineapple_opal;10;white_dacite
pineapple_opal;10;white_obsidian
pineapple_opal;10;white_quartzite
pineapple_opal;10;white_slate
pineapple_opal;10;white_phyllite
pineapple_opal;10;white_schist
pineapple_opal;10;white_gneiss
pineapple_opal;10;white_marble
onyx_opal;10;white_sandstone
onyx_opal;10;white_siltstone
onyx_opal;10;white_mudstone
onyx_opal;10;white_shale
onyx_opal;10;white_claystone
onyx_opal;10;white_rock_salt
onyx_opal;10;white_limestone
onyx_opal;10;white_conglomerate
onyx_opal;10;white_dolomite
onyx_opal;10;white_chert
onyx_opal;10;white_chalk
onyx_opal;10;white_granite
onyx_opal;10;white_diorite
onyx_opal;10;white_gabbro
onyx_opal;10;white_rhyolite
onyx_opal;10;white_basalt
onyx_opal;10;white_andesite
onyx_opal;10;white_dacite
onyx_opal;10;white_obsidian
onyx_opal;10;white_quartzite
onyx_opal;10;white_slate
onyx_opal;10;white_phyllite
onyx_opal;10;white_schist
onyx_opal;10;white_gneiss
onyx_opal;10;white_marble
milk_opal;10;white_sandstone
milk_opal;10;white_siltstone
milk_opal;10;white_mudstone
milk_opal;10;white_shale
milk_opal;10;white_claystone
milk_opal;10;white_rock_salt
milk_opal;10;white_limestone
milk_opal;10;white_conglomerate
milk_opal;10;white_dolomite
milk_opal;10;white_chert
milk_opal;10;white_chalk
milk_opal;10;white_granite
milk_opal;10;white_diorite
milk_opal;10;white_gabbro
milk_opal;10;white_rhyolite
milk_opal;10;white_basalt
milk_opal;10;white_andesite
milk_opal;10;white_dacite
milk_opal;10;white_obsidian
milk_opal;10;white_quartzite
milk_opal;10;white_slate
milk_opal;10;white_phyllite
milk_opal;10;white_schist
milk_opal;10;white_gneiss
milk_opal;10;white_marble
pipe_opal;10;white_sandstone
pipe_opal;10;white_siltstone
pipe_opal;10;white_mudstone
pipe_opal;10;white_shale
pipe_opal;10;white_claystone
pipe_opal;10;white_rock_salt
pipe_opal;10;white_limestone
pipe_opal;10;white_conglomerate
pipe_opal;10;white_dolomite
pipe_opal;10;white_chert
pipe_opal;10;white_chalk
pipe_opal;10;white_granite
pipe_opal;10;white_diorite
pipe_opal;10;white_gabbro
pipe_opal;10;white_rhyolite
pipe_opal;10;white_basalt
pipe_opal;10;white_andesite
pipe_opal;10;white_dacite
pipe_opal;10;white_obsidian
pipe_opal;10;white_quartzite
pipe_opal;10;white_slate
pipe_opal;10;white_phyllite
pipe_opal;10;white_schist
pipe_opal;10;white_gneiss
pipe_opal;10;white_marble
aventurine;100;yellow_sandstone
aventurine;100;yellow_siltstone
aventurine;100;yellow_mudstone
aventurine;100;yellow_shale
aventurine;100;yellow_claystone
aventurine;100;yellow_rock_salt
aventurine;100;yellow_limestone
aventurine;100;yellow_conglomerate
aventurine;100;yellow_dolomite
aventurine;100;yellow_chert
aventurine;100;yellow_chalk
turquoise;100;green_rhyolite
turquoise;100;green_basalt
turquoise;100;green_andesite
turquoise;100;green_dacite
turquoise;100;green_obsidian
turquoise;100;yellow_sandstone
turquoise;100;yellow_siltstone
turquoise;100;yellow_mudstone
turquoise;100;yellow_shale
turquoise;100;yellow_claystone
turquoise;100;yellow_rock_salt
turquoise;100;yellow_limestone
turquoise;100;yellow_conglomerate
turquoise;100;yellow_dolomite
turquoise;100;yellow_chert
turquoise;100;yellow_chalk
turquoise;100;green_granite
quartz_rose;25;black_sandstone,white_sandstone,yellow_sandstone,tan_sandstone
quartz_rose;25;black_siltstone,white_siltstone,yellow_siltstone,tan_siltstone
quartz_rose;25;black_mudstone,white_mudstone,yellow_mudstone,tan_mudstone
quartz_rose;25;black_shale,white_shale,red_shale,yellow_shale
quartz_rose;25;black_claystone,white_claystone,yellow_claystone,tan_claystone
quartz_rose;25;black_rock_salt,white_rock_salt,red_rock_salt,yellow_rock_salt
quartz_rose;25;black_limestone,white_limestone,red_limestone,yellow_limestone
quartz_rose;25;black_conglomerate,white_conglomerate,yellow_conglomerate,tan_conglomerate
quartz_rose;25;black_dolomite,white_dolomite,yellow_dolomite,tan_dolomite
quartz_rose;25;black_chert,white_chert,yellow_chert,tan_chert
quartz_rose;25;black_chalk,white_chalk,yellow_chalk,tan_chalk
quartz_rose;25;black_granite,white_granite,red_granite,green_granite
quartz_rose;25;black_diorite,white_diorite,red_diorite,green_diorite
quartz_rose;25;black_gabbro,white_gabbro,red_gabbro,green_gabbro
quartz_rose;25;black_rhyolite,white_rhyolite,red_rhyolite,green_rhyolite
quartz_rose;25;black_basalt,white_basalt,red_basalt,green_basalt
quartz_rose;25;black_andesite,white_andesite,red_andesite,green_andesite
quartz_rose;25;black_dacite,white_dacite,red_dacite,green_dacite
quartz_rose;25;black_obsidian,white_obsidian,red_obsidian,green_obsidian
quartz_rose;25;black_quartzite,white_quartzite,green_quartzite,tan_quartzite
quartz_rose;25;black_slate,white_slate,green_slate,tan_slate
quartz_rose;25;black_phyllite,white_phyllite,red_phyllite,green_phyllite
quartz_rose;25;black_schist,white_schist,red_schist,green_schist
quartz_rose;25;black_gneiss,white_gneiss,red_gneiss,green_gneiss
quartz_rose;25;black_marble,white_marble,red_marble,green_marble
crystal_rock;100;white_sandstone
crystal_rock;100;white_siltstone
crystal_rock;100;white_mudstone
crystal_rock;100;white_shale
crystal_rock;100;white_claystone
crystal_rock;100;white_rock_salt
crystal_rock;100;white_limestone
crystal_rock;100;white_conglomerate
crystal_rock;100;white_dolomite
crystal_rock;100;white_chert
crystal_rock;100;white_chalk
crystal_rock;100;white_granite
crystal_rock;100;white_diorite
crystal_rock;100;white_gabbro
crystal_rock;100;white_rhyolite
crystal_rock;100;white_basalt
crystal_rock;100;white_andesite
crystal_rock;100;white_dacite
crystal_rock;100;white_obsidian
crystal_rock;100;white_quartzite
crystal_rock;100;white_slate
crystal_rock;100;white_phyllite
crystal_rock;100;white_schist
crystal_rock;100;white_gneiss
crystal_rock;100;white_marble
black_zircon;100;black_granite
black_zircon;100;black_diorite
black_zircon;100;black_gabbro
black_zircon;100;black_rhyolite
black_zircon;100;black_basalt
black_zircon;100;black_andesite
black_zircon;100;black_dacite
black_zircon;100;black_obsidian
black_zircon;100;black_quartzite
black_zircon;100;black_slate
black_zircon;100;black_phyllite
black_zircon;100;black_schist
black_zircon;100;black_gneiss
black_zircon;100;black_marble
black_pyrope;100;black_quartzite
black_pyrope;100;black_slate
black_pyrope;100;black_phyllite
black_pyrope;100;black_schist
black_pyrope;100;black_gneiss
black_pyrope;100;black_marble
black_pyrope;100;black_granite
black_pyrope;100;black_diorite
black_pyrope;100;black_gabbro
melanite;100;black_marble
indigo_tourmaline;25;black_quartzite,white_quartzite,green_quartzite,tan_quartzite
indigo_tourmaline;25;black_slate,white_slate,green_slate,tan_slate
indigo_tourmaline;25;black_phyllite,white_phyllite,red_phyllite,green_phyllite
indigo_tourmaline;25;black_schist,white_schist,red_schist,green_schist
indigo_tourmaline;25;black_gneiss,white_gneiss,red_gneiss,green_gneiss
indigo_tourmaline;25;black_marble,white_marble,red_marble,green_marble
indigo_tourmaline;25;black_sandstone,white_sandstone,yellow_sandstone,tan_sandstone
indigo_tourmaline;25;black_siltstone,white_siltstone,yellow_siltstone,tan_siltstone
indigo_tourmaline;25;black_mudstone,white_mudstone,yellow_mudstone,tan_mudstone
indigo_tourmaline;25;black_shale,white_shale,red_shale,yellow_shale
indigo_tourmaline;25;black_claystone,white_claystone,yellow_claystone,tan_claystone
indigo_tourmaline;25;black_rock_salt,white_rock_salt,red_rock_salt,yellow_rock_salt
indigo_tourmaline;25;black_limestone,white_limestone,red_limestone,yellow_limestone
indigo_tourmaline;25;black_conglomerate,white_conglomerate,yellow_conglomerate,tan_conglomerate
indigo_tourmaline;25;black_dolomite,white_dolomite,yellow_dolomite,tan_dolomite
indigo_tourmaline;25;black_chert,white_chert,yellow_chert,tan_chert
indigo_tourmaline;25;black_chalk,white_chalk,yellow_chalk,tan_chalk
indigo_tourmaline;25;black_granite,white_granite,red_granite,green_granite
blue_garnet;25;black_quartzite,white_quartzite,green_quartzite,tan_quartzite
blue_garnet;25;black_slate,white_slate,green_slate,tan_slate
blue_garnet;25;black_phyllite,white_phyllite,red_phyllite,green_phyllite
blue_garnet;25;black_schist,white_schist,red_schist,green_schist
blue_garnet;25;black_gneiss,white_gneiss,red_gneiss,green_gneiss
blue_garnet;25;black_marble,white_marble,red_marble,green_marble
blue_garnet;25;black_granite,white_granite,red_granite,green_granite
tsavorite;100;green_marble
green_tourmaline;100;green_quartzite
green_tourmaline;100;green_slate
green_tourmaline;100;green_phyllite
green_tourmaline;100;green_schist
green_tourmaline;100;green_gneiss
green_tourmaline;100;green_marble
green_tourmaline;100;yellow_sandstone
green_tourmaline;100;yellow_siltstone
green_tourmaline;100;yellow_mudstone
green_tourmaline;100;yellow_shale
green_tourmaline;100;yellow_claystone
green_tourmaline;100;yellow_rock_salt
green_tourmaline;100;yellow_limestone
green_tourmaline;100;yellow_conglomerate
green_tourmaline;100;yellow_dolomite
green_tourmaline;100;yellow_chert
green_tourmaline;100;yellow_chalk
green_tourmaline;100;green_granite
demantoid;100;green_gabbro
green_zircon;100;green_granite
green_zircon;100;green_diorite
green_zircon;100;green_gabbro
green_zircon;100;green_rhyolite
green_zircon;100;green_basalt
green_zircon;100;green_andesite
green_zircon;100;green_dacite
green_zircon;100;green_obsidian
green_zircon;100;green_quartzite
green_zircon;100;green_slate
green_zircon;100;green_phyllite
green_zircon;100;green_schist
green_zircon;100;green_gneiss
green_zircon;100;green_marble
green_jade;100;yellow_siltstone
green_jade;100;yellow_mudstone
green_jade;100;yellow_claystone
green_jade;100;yellow_rock_salt
green_jade;100;yellow_dolomite
green_jade;100;yellow_chert
heliodor;100;green_granite
heliodor;100;green_schist
heliodor;100;green_marble
peridot;100;green_gabbro
red_zircon;100;red_granite
red_zircon;100;red_diorite
red_zircon;100;red_gabbro
red_zircon;100;red_rhyolite
red_zircon;100;red_basalt
red_zircon;100;red_andesite
red_zircon;100;red_dacite
red_zircon;100;red_obsidian
red_zircon;100;tan_quartzite
red_zircon;100;tan_slate
red_zircon;100;red_phyllite
red_zircon;100;red_schist
red_zircon;100;red_gneiss
red_zircon;100;red_marble
red_tourmaline;100;tan_quartzite
red_tourmaline;100;tan_slate
red_tourmaline;100;red_phyllite
red_tourmaline;100;red_schist
red_tourmaline;100;red_gneiss
red_tourmaline;100;red_marble
red_tourmaline;100;tan_sandstone
red_tourmaline;100;tan_siltstone
red_tourmaline;100;tan_mudstone
red_tourmaline;100;red_shale
red_tourmaline;100;tan_claystone
red_tourmaline;100;red_rock_salt
red_tourmaline;100;red_limestone
red_tourmaline;100;tan_conglomerate
red_tourmaline;100;tan_dolomite
red_tourmaline;100;tan_chert
red_tourmaline;100;tan_chalk
red_tourmaline;100;red_granite
red_pyrope;100;tan_quartzite
red_pyrope;100;tan_slate
red_pyrope;100;red_phyllite
red_pyrope;100;red_schist
red_pyrope;100;red_gneiss
red_pyrope;100;red_marble
red_pyrope;100;red_granite
red_pyrope;100;red_diorite
red_pyrope;100;red_gabbro
almandine;100;tan_quartzite
almandine;100;tan_slate
almandine;100;red_phyllite
almandine;100;red_schist
almandine;100;red_gneiss
almandine;100;red_marble
almandine;100;red_diorite
almandine;100;red_gabbro
red_grossular;100;red_marble
pink_tourmaline;25;black_quartzite,white_quartzite,green_quartzite,tan_quartzite
pink_tourmaline;25;black_slate,white_slate,green_slate,tan_slate
pink_tourmaline;25;black_phyllite,white_phyllite,red_phyllite,green_phyllite
pink_tourmaline;25;black_schist,white_schist,red_schist,green_schist
pink_tourmaline;25;black_gneiss,white_gneiss,red_gneiss,green_gneiss
pink_tourmaline;25;black_marble,white_marble,red_marble,green_marble
pink_tourmaline;25;black_sandstone,white_sandstone,yellow_sandstone,tan_sandstone
pink_tourmaline;25;black_siltstone,white_siltstone,yellow_siltstone,tan_siltstone
pink_tourmaline;25;black_mudstone,white_mudstone,yellow_mudstone,tan_mudstone
pink_tourmaline;25;black_shale,white_shale,red_shale,yellow_shale
pink_tourmaline;25;black_claystone,white_claystone,yellow_claystone,tan_claystone
pink_tourmaline;25;black_rock_salt,white_rock_salt,red_rock_salt,yellow_rock_salt
pink_tourmaline;25;black_limestone,white_limestone,red_limestone,yellow_limestone
pink_tourmaline;25;black_conglomerate,white_conglomerate,yellow_conglomerate,tan_conglomerate
pink_tourmaline;25;black_dolomite,white_dolomite,yellow_dolomite,tan_dolomite
pink_tourmaline;25;black_chert,white_chert,yellow_chert,tan_chert
pink_tourmaline;25;black_chalk,white_chalk,yellow_chalk,tan_chalk
pink_tourmaline;25;black_granite,white_granite,red_granite,green_granite
red_beryl;1;red_granite
red_beryl;1;red_schist
red_beryl;1;red_marble
fire_opal;8;tan_sandstone
fire_opal;8;tan_siltstone
fire_opal;8;tan_mudstone
fire_opal;8;red_shale
fire_opal;8;tan_claystone
fire_opal;8;red_rock_salt
fire_opal;8;red_limestone
fire_opal;8;tan_conglomerate
fire_opal;8;tan_dolomite
fire_opal;8;tan_chert
fire_opal;8;tan_chalk
fire_opal;8;red_granite
fire_opal;8;red_diorite
fire_opal;8;red_gabbro
fire_opal;8;red_rhyolite
fire_opal;8;red_basalt
fire_opal;8;red_andesite
fire_opal;8;red_dacite
fire_opal;8;red_obsidian
fire_opal;8;tan_quartzite
fire_opal;8;tan_slate
fire_opal;8;red_phyllite
fire_opal;8;red_schist
fire_opal;8;red_gneiss
fire_opal;8;red_marble
rhodolite;100;tan_quartzite
rhodolite;100;tan_slate
rhodolite;100;red_phyllite
rhodolite;100;red_schist
rhodolite;100;red_gneiss
rhodolite;100;red_marble
rhodolite;100;red_granite
rhodolite;100;red_diorite
rhodolite;100;red_gabbro
spinel_purple;25;black_quartzite,white_quartzite,green_quartzite,tan_quartzite
spinel_purple;25;black_slate,white_slate,green_slate,tan_slate
spinel_purple;25;black_phyllite,white_phyllite,red_phyllite,green_phyllite
spinel_purple;25;black_schist,white_schist,red_schist,green_schist
spinel_purple;25;black_gneiss,white_gneiss,red_gneiss,green_gneiss
spinel_purple;25;black_marble,white_marble,red_marble,green_marble
spinel_purple;25;black_diorite,white_diorite,red_diorite,green_diorite
spinel_purple;25;black_gabbro,white_gabbro,red_gabbro,green_gabbro
alexandrite;25;black_granite,white_granite,red_granite,green_granite
alexandrite;25;black_schist,white_schist,red_schist,green_schist
alexandrite;25;black_marble,white_marble,red_marble,green_marble
tanzanite;25;black_gabbro,white_gabbro,red_gabbro,green_gabbro
tanzanite;25;black_quartzite,white_quartzite,green_quartzite,tan_quartzite
tanzanite;25;black_slate,white_slate,green_slate,tan_slate
tanzanite;25;black_phyllite,white_phyllite,red_phyllite,green_phyllite
tanzanite;25;black_schist,white_schist,red_schist,green_schist
tanzanite;25;black_gneiss,white_gneiss,red_gneiss,green_gneiss
tanzanite;25;black_marble,white_marble,red_marble,green_marble
morganite;25;black_granite,white_granite,red_granite,green_granite
morganite;25;black_schist,white_schist,red_schist,green_schist
morganite;25;black_marble,white_marble,red_marble,green_marble
violet_spessartine;25;black_quartzite,white_quartzite,green_quartzite,tan_quartzite
violet_spessartine;25;black_slate,white_slate,green_slate,tan_slate
violet_spessartine;25;black_phyllite,white_phyllite,red_phyllite,green_phyllite
violet_spessartine;25;black_schist,white_schist,red_schist,green_schist
violet_spessartine;25;black_gneiss,white_gneiss,red_gneiss,green_gneiss
violet_spessartine;25;black_marble,white_marble,red_marble,green_marble
violet_spessartine;25;black_granite,white_granite,red_granite,green_granite
pink_garnet;25;black_quartzite,white_quartzite,green_quartzite,tan_quartzite
pink_garnet;25;black_slate,white_slate,green_slate,tan_slate
pink_garnet;25;black_phyllite,white_phyllite,red_phyllite,green_phyllite
pink_garnet;25;black_schist,white_schist,red_schist,green_schist
pink_garnet;25;black_gneiss,white_gneiss,red_gneiss,green_gneiss
pink_garnet;25;black_marble,white_marble,red_marble,green_marble
pink_garnet;25;black_granite,white_granite,red_granite,green_granite
kunzite;25;black_granite,white_granite,red_granite,green_granite
cinnamon_grossular;100;red_marble
honey_yellow_beryl;100;green_granite
honey_yellow_beryl;100;green_schist
honey_yellow_beryl;100;green_marble
jelly_opal;8;white_sandstone
jelly_opal;8;white_siltstone
jelly_opal;8;white_mudstone
jelly_opal;8;white_shale
jelly_opal;8;white_claystone
jelly_opal;8;white_rock_salt
jelly_opal;8;white_limestone
jelly_opal;8;white_conglomerate
jelly_opal;8;white_dolomite
jelly_opal;8;white_chert
jelly_opal;8;white_chalk
jelly_opal;8;white_granite
jelly_opal;8;white_diorite
jelly_opal;8;white_gabbro
jelly_opal;8;white_rhyolite
jelly_opal;8;white_basalt
jelly_opal;8;white_andesite
jelly_opal;8;white_dacite
jelly_opal;8;white_obsidian
jelly_opal;8;white_quartzite
jelly_opal;8;white_slate
jelly_opal;8;white_phyllite
jelly_opal;8;white_schist
jelly_opal;8;white_gneiss
jelly_opal;8;white_marble
brown_zircon;100;red_granite
brown_zircon;100;red_diorite
brown_zircon;100;red_gabbro
brown_zircon;100;red_rhyolite
brown_zircon;100;red_basalt
brown_zircon;100;red_andesite
brown_zircon;100;red_dacite
brown_zircon;100;red_obsidian
brown_zircon;100;tan_quartzite
brown_zircon;100;tan_slate
brown_zircon;100;red_phyllite
brown_zircon;100;red_schist
brown_zircon;100;red_gneiss
brown_zircon;100;red_marble
yellow_zircon;100;green_granite
yellow_zircon;100;green_diorite
yellow_zircon;100;green_gabbro
yellow_zircon;100;green_rhyolite
yellow_zircon;100;green_basalt
yellow_zircon;100;green_andesite
yellow_zircon;100;green_dacite
yellow_zircon;100;green_obsidian
yellow_zircon;100;green_quartzite
yellow_zircon;100;green_slate
yellow_zircon;100;green_phyllite
yellow_zircon;100;green_schist
yellow_zircon;100;green_gneiss
yellow_zircon;100;green_marble
golden_beryl;100;green_granite
golden_beryl;100;green_schist
golden_beryl;100;green_marble
yellow_spessartine;100;green_quartzite
yellow_spessartine;100;green_slate
yellow_spessartine;100;green_phyllite
yellow_spessartine;100;green_schist
yellow_spessartine;100;green_gneiss
yellow_spessartine;100;green_marble
yellow_spessartine;100;green_granite
topaz;100;green_granite
topazolite;100;green_marble
yellow_grossular;100;green_marble
rubicelle;100;tan_quartzite
rubicelle;100;tan_slate
rubicelle;100;red_phyllite
rubicelle;100;red_schist
rubicelle;100;red_gneiss
rubicelle;100;red_marble
rubicelle;100;red_diorite
rubicelle;100;red_gabbro
clear_garnet;100;white_quartzite
clear_garnet;100;white_slate
clear_garnet;100;white_phyllite
clear_garnet;100;white_schist
clear_garnet;100;white_gneiss
clear_garnet;100;white_marble
clear_garnet;100;white_granite
goshenite;100;white_granite
goshenite;100;white_schist
goshenite;100;white_marble
cats_eye;100;white_granite
cats_eye;100;white_schist
cats_eye;100;white_marble
clear_zircon;100;white_granite
clear_zircon;100;white_diorite
clear_zircon;100;white_gabbro
clear_zircon;100;white_rhyolite
clear_zircon;100;white_basalt
clear_zircon;100;white_andesite
clear_zircon;100;white_dacite
clear_zircon;100;white_obsidian
clear_zircon;100;white_quartzite
clear_zircon;100;white_slate
clear_zircon;100;white_phyllite
clear_zircon;100;white_schist
clear_zircon;100;white_gneiss
clear_zircon;100;white_marble
amethyst;25;black_sandstone,white_sandstone,yellow_sandstone,tan_sandstone
amethyst;25;black_siltstone,white_siltstone,yellow_siltstone,tan_siltstone
amethyst;25;black_mudstone,white_mudstone,yellow_mudstone,tan_mudstone
amethyst;25;black_shale,white_shale,red_shale,yellow_shale
amethyst;25;black_claystone,white_claystone,yellow_claystone,tan_claystone
amethyst;25;black_rock_salt,white_rock_salt,red_rock_salt,yellow_rock_salt
amethyst;25;black_limestone,white_limestone,red_limestone,yellow_limestone
amethyst;25;black_conglomerate,white_conglomerate,yellow_conglomerate,tan_conglomerate
amethyst;25;black_dolomite,white_dolomite,yellow_dolomite,tan_dolomite
amethyst;25;black_chert,white_chert,yellow_chert,tan_chert
amethyst;25;black_chalk,white_chalk,yellow_chalk,tan_chalk
amethyst;25;black_granite,white_granite,red_granite,green_granite
amethyst;25;black_diorite,white_diorite,red_diorite,green_diorite
amethyst;25;black_gabbro,white_gabbro,red_gabbro,green_gabbro
amethyst;25;black_rhyolite,white_rhyolite,red_rhyolite,green_rhyolite
amethyst;25;black_basalt,white_basalt,red_basalt,green_basalt
amethyst;25;black_andesite,white_andesite,red_andesite,green_andesite
amethyst;25;black_dacite,white_dacite,red_dacite,green_dacite
amethyst;25;black_obsidian,white_obsidian,red_obsidian,green_obsidian
amethyst;25;black_quartzite,white_quartzite,green_quartzite,tan_quartzite
amethyst;25;black_slate,white_slate,green_slate,tan_slate
amethyst;25;black_phyllite,white_phyllite,red_phyllite,green_phyllite
amethyst;25;black_schist,white_schist,red_schist,green_schist
amethyst;25;black_gneiss,white_gneiss,red_gneiss,green_gneiss
amethyst;25;black_marble,white_marble,red_marble,green_marble
aquamarine;25;black_granite,white_granite,red_granite,green_granite
aquamarine;25;black_schist,white_schist,red_schist,green_schist
aquamarine;25;black_marble,white_marble,red_marble,green_marble
spinel_red;100;tan_quartzite
spinel_red;100;tan_slate
spinel_red;100;red_phyllite
spinel_red;100;red_schist
spinel_red;100;red_gneiss
spinel_red;100;red_marble
spinel_red;100;red_diorite
spinel_red;100;red_gabbro
chrysoberyl;100;green_granite
chrysoberyl;100;green_schist
chrysoberyl;100;green_marble
opal_pfire;8;tan_sandstone
opal_pfire;8;tan_siltstone
opal_pfire;8;tan_mudstone
opal_pfire;8;red_shale
opal_pfire;8;tan_claystone
opal_pfire;8;red_rock_salt
opal_pfire;8;red_limestone
opal_pfire;8;tan_conglomerate
opal_pfire;8;tan_dolomite
opal_pfire;8;tan_chert
opal_pfire;8;tan_chalk
opal_pfire;8;red_granite
opal_pfire;8;red_diorite
opal_pfire;8;red_gabbro
opal_pfire;8;red_rhyolite
opal_pfire;8;red_basalt
opal_pfire;8;red_andesite
opal_pfire;8;red_dacite
opal_pfire;8;red_obsidian
opal_pfire;8;tan_quartzite
opal_pfire;8;tan_slate
opal_pfire;8;red_phyllite
opal_pfire;8;red_schist
opal_pfire;8;red_gneiss
opal_pfire;8;red_marble
opal_redflash;8;tan_sandstone
opal_redflash;8;tan_siltstone
opal_redflash;8;tan_mudstone
opal_redflash;8;red_shale
opal_redflash;8;tan_claystone
opal_redflash;8;red_rock_salt
opal_redflash;8;red_limestone
opal_redflash;8;tan_conglomerate
opal_redflash;8;tan_dolomite
opal_redflash;8;tan_chert
opal_redflash;8;tan_chalk
opal_redflash;8;red_granite
opal_redflash;8;red_diorite
opal_redflash;8;red_gabbro
opal_redflash;8;red_rhyolite
opal_redflash;8;red_basalt
opal_redflash;8;red_andesite
opal_redflash;8;red_dacite
opal_redflash;8;red_obsidian
opal_redflash;8;tan_quartzite
opal_redflash;8;tan_slate
opal_redflash;8;red_phyllite
opal_redflash;8;red_schist
opal_redflash;8;red_gneiss
opal_redflash;8;red_marble
opal_black;8;black_sandstone
opal_black;8;black_siltstone
opal_black;8;black_mudstone
opal_black;8;black_shale
opal_black;8;black_claystone
opal_black;8;black_rock_salt
opal_black;8;black_limestone
opal_black;8;black_conglomerate
opal_black;8;black_dolomite
opal_black;8;black_chert
opal_black;8;black_chalk
opal_black;8;black_granite
opal_black;8;black_diorite
opal_black;8;black_gabbro
opal_black;8;black_rhyolite
opal_black;8;black_basalt
opal_black;8;black_andesite
opal_black;8;black_dacite
opal_black;8;black_obsidian
opal_black;8;black_quartzite
opal_black;8;black_slate
opal_black;8;black_phyllite
opal_black;8;black_schist
opal_black;8;black_gneiss
opal_black;8;black_marble
opal_white;8;white_sandstone
opal_white;8;white_siltstone
opal_white;8;white_mudstone
opal_white;8;white_shale
opal_white;8;white_claystone
opal_white;8;white_rock_salt
opal_white;8;white_limestone
opal_white;8;white_conglomerate
opal_white;8;white_dolomite
opal_white;8;white_chert
opal_white;8;white_chalk
opal_white;8;white_granite
opal_white;8;white_diorite
opal_white;8;white_gabbro
opal_white;8;white_rhyolite
opal_white;8;white_basalt
opal_white;8;white_andesite
opal_white;8;white_dacite
opal_white;8;white_obsidian
opal_white;8;white_quartzite
opal_white;8;white_slate
opal_white;8;white_phyllite
opal_white;8;white_schist
opal_white;8;white_gneiss
opal_white;8;white_marble
opal_crystal;8;white_sandstone
opal_crystal;8;white_siltstone
opal_crystal;8;white_mudstone
opal_crystal;8;white_shale
opal_crystal;8;white_claystone
opal_crystal;8;white_rock_salt
opal_crystal;8;white_limestone
opal_crystal;8;white_conglomerate
opal_crystal;8;white_dolomite
opal_crystal;8;white_chert
opal_crystal;8;white_chalk
opal_crystal;8;white_granite
opal_crystal;8;white_diorite
opal_crystal;8;white_gabbro
opal_crystal;8;white_rhyolite
opal_crystal;8;white_basalt
opal_crystal;8;white_andesite
opal_crystal;8;white_dacite
opal_crystal;8;white_obsidian
opal_crystal;8;white_quartzite
opal_crystal;8;white_slate
opal_crystal;8;white_phyllite
opal_crystal;8;white_schist
opal_crystal;8;white_gneiss
opal_crystal;8;white_marble
opal_claro;2;black_sandstone,white_sandstone,yellow_sandstone,tan_sandstone
opal_claro;2;black_siltstone,white_siltstone,yellow_siltstone,tan_siltstone
opal_claro;2;black_mudstone,white_mudstone,yellow_mudstone,tan_mudstone
opal_claro;2;black_shale,white_shale,red_shale,yellow_shale
opal_claro;2;black_claystone,white_claystone,yellow_claystone,tan_claystone
opal_claro;2;black_rock_salt,white_rock_salt,red_rock_salt,yellow_rock_salt
opal_claro;2;black_limestone,white_limestone,red_limestone,yellow_limestone
opal_claro;2;black_conglomerate,white_conglomerate,yellow_conglomerate,tan_conglomerate
opal_claro;2;black_dolomite,white_dolomite,yellow_dolomite,tan_dolomite
opal_claro;2;black_chert,white_chert,yellow_chert,tan_chert
opal_claro;2;black_chalk,white_chalk,yellow_chalk,tan_chalk
opal_claro;2;black_granite,white_granite,red_granite,green_granite
opal_claro;2;black_diorite,white_diorite,red_diorite,green_diorite
opal_claro;2;black_gabbro,white_gabbro,red_gabbro,green_gabbro
opal_claro;2;black_rhyolite,white_rhyolite,red_rhyolite,green_rhyolite
opal_claro;2;black_basalt,white_basalt,red_basalt,green_basalt
opal_claro;2;black_andesite,white_andesite,red_andesite,green_andesite
opal_claro;2;black_dacite,white_dacite,red_dacite,green_dacite
opal_claro;2;black_obsidian,white_obsidian,red_obsidian,green_obsidian
opal_claro;2;black_quartzite,white_quartzite,green_quartzite,tan_quartzite
opal_claro;2;black_slate,white_slate,green_slate,tan_slate
opal_claro;2;black_phyllite,white_phyllite,red_phyllite,green_phyllite
opal_claro;2;black_schist,white_schist,red_schist,green_schist
opal_claro;2;black_gneiss,white_gneiss,red_gneiss,green_gneiss
opal_claro;2;black_marble,white_marble,red_marble,green_marble
opal_levin;8;white_sandstone
opal_levin;8;white_siltstone
opal_levin;8;white_mudstone
opal_levin;8;white_shale
opal_levin;8;white_claystone
opal_levin;8;white_rock_salt
opal_levin;8;white_limestone
opal_levin;8;white_conglomerate
opal_levin;8;white_dolomite
opal_levin;8;white_chert
opal_levin;8;white_chalk
opal_levin;8;white_granite
opal_levin;8;white_diorite
opal_levin;8;white_gabbro
opal_levin;8;white_rhyolite
opal_levin;8;white_basalt
opal_levin;8;white_andesite
opal_levin;8;white_dacite
opal_levin;8;white_obsidian
opal_levin;8;white_quartzite
opal_levin;8;white_slate
opal_levin;8;white_phyllite
opal_levin;8;white_schist
opal_levin;8;white_gneiss
opal_levin;8;white_marble
opal_harlequin;8;white_sandstone
opal_harlequin;8;white_siltstone
opal_harlequin;8;white_mudstone
opal_harlequin;8;white_shale
opal_harlequin;8;white_claystone
opal_harlequin;8;white_rock_salt
opal_harlequin;8;white_limestone
opal_harlequin;8;white_conglomerate
opal_harlequin;8;white_dolomite
opal_harlequin;8;white_chert
opal_harlequin;8;white_chalk
opal_harlequin;8;white_granite
opal_harlequin;8;white_diorite
opal_harlequin;8;white_gabbro
opal_harlequin;8;white_rhyolite
opal_harlequin;8;white_basalt
opal_harlequin;8;white_andesite
opal_harlequin;8;white_dacite
opal_harlequin;8;white_obsidian
opal_harlequin;8;white_quartzite
opal_harlequin;8;white_slate
opal_harlequin;8;white_phyllite
opal_harlequin;8;white_schist
opal_harlequin;8;white_gneiss
opal_harlequin;8;white_marble
opal_pinfire;8;white_sandstone
opal_pinfire;8;white_siltstone
opal_pinfire;8;white_mudstone
opal_pinfire;8;white_shale
opal_pinfire;8;white_claystone
opal_pinfire;8;white_rock_salt
opal_pinfire;8;white_limestone
opal_pinfire;8;white_conglomerate
opal_pinfire;8;white_dolomite
opal_pinfire;8;white_chert
opal_pinfire;8;white_chalk
opal_pinfire;8;white_granite
opal_pinfire;8;white_diorite
opal_pinfire;8;white_gabbro
opal_pinfire;8;white_rhyolite
opal_pinfire;8;white_basalt
opal_pinfire;8;white_andesite
opal_pinfire;8;white_dacite
opal_pinfire;8;white_obsidian
opal_pinfire;8;white_quartzite
opal_pinfire;8;white_slate
opal_pinfire;8;white_phyllite
opal_pinfire;8;white_schist
opal_pinfire;8;white_gneiss
opal_pinfire;8;white_marble
opal_bandfire;8;white_sandstone
opal_bandfire;8;white_siltstone
opal_bandfire;8;white_mudstone
opal_bandfire;8;white_shale
opal_bandfire;8;white_claystone
opal_bandfire;8;white_rock_salt
opal_bandfire;8;white_limestone
opal_bandfire;8;white_conglomerate
opal_bandfire;8;white_dolomite
opal_bandfire;8;white_chert
opal_bandfire;8;white_chalk
opal_bandfire;8;white_granite
opal_bandfire;8;white_diorite
opal_bandfire;8;white_gabbro
opal_bandfire;8;white_rhyolite
opal_bandfire;8;white_basalt
opal_bandfire;8;white_andesite
opal_bandfire;8;white_dacite
opal_bandfire;8;white_obsidian
opal_bandfire;8;white_quartzite
opal_bandfire;8;white_slate
opal_bandfire;8;white_phyllite
opal_bandfire;8;white_schist
opal_bandfire;8;white_gneiss
opal_bandfire;8;white_marble
diamond_ly;100;white_granite
diamond_ly;100;white_diorite
diamond_ly;100;white_gabbro
diamond_fy;100;white_granite
diamond_fy;100;white_diorite
diamond_fy;100;white_gabbro
emerald;100;green_granite
emerald;100;green_schist
emerald;100;green_marble
ruby;100;tan_sandstone
ruby;100;tan_siltstone
ruby;100;tan_mudstone
ruby;100;red_shale
ruby;100;tan_claystone
ruby;100;red_rock_salt
ruby;100;red_limestone
ruby;100;tan_conglomerate
ruby;100;tan_dolomite
ruby;100;tan_chert
ruby;100;tan_chalk
sapphire;25;black_sandstone,white_sandstone,yellow_sandstone,tan_sandstone
sapphire;25;black_siltstone,white_siltstone,yellow_siltstone,tan_siltstone
sapphire;25;black_mudstone,white_mudstone,yellow_mudstone,tan_mudstone
sapphire;25;black_shale,white_shale,red_shale,yellow_shale
sapphire;25;black_claystone,white_claystone,yellow_claystone,tan_claystone
sapphire;25;black_rock_salt,white_rock_salt,red_rock_salt,yellow_rock_salt
sapphire;25;black_limestone,white_limestone,red_limestone,yellow_limestone
sapphire;25;black_conglomerate,white_conglomerate,yellow_conglomerate,tan_conglomerate
sapphire;25;black_dolomite,white_dolomite,yellow_dolomite,tan_dolomite
sapphire;25;black_chert,white_chert,yellow_chert,tan_chert
sapphire;25;black_chalk,white_chalk,yellow_chalk,tan_chalk
diamond_clear;1;white_granite
diamond_clear;1;white_diorite
diamond_clear;1;white_gabbro
diamond_red;1;red_granite
diamond_red;1;red_diorite
diamond_red;1;red_gabbro
diamond_green;1;green_granite
diamond_green;1;green_diorite
diamond_green;1;green_gabbro
diamond_blue;1;black_granite,white_granite,red_granite,green_granite
diamond_blue;1;black_diorite,white_diorite,red_diorite,green_diorite
diamond_blue;1;black_gabbro,white_gabbro,red_gabbro,green_gabbro
diamond_yellow;1;green_granite
diamond_yellow;1;green_diorite
diamond_yellow;1;green_gabbro
diamond_black;1;black_granite
diamond_black;1;black_diorite
diamond_black;1;black_gabbro
sapphire_star;13;black_sandstone,white_sandstone,yellow_sandstone,tan_sandstone
sapphire_star;13;black_siltstone,white_siltstone,yellow_siltstone,tan_siltstone
sapphire_star;13;black_mudstone,white_mudstone,yellow_mudstone,tan_mudstone
sapphire_star;13;black_shale,white_shale,red_shale,yellow_shale
sapphire_star;13;black_claystone,white_claystone,yellow_claystone,tan_claystone
sapphire_star;13;black_rock_salt,white_rock_salt,red_rock_salt,yellow_rock_salt
sapphire_star;13;black_limestone,white_limestone,red_limestone,yellow_limestone
sapphire_star;13;black_conglomerate,white_conglomerate,yellow_conglomerate,tan_conglomerate
sapphire_star;13;black_dolomite,white_dolomite,yellow_dolomite,tan_dolomite
sapphire_star;13;black_chert,white_chert,yellow_chert,tan_chert
sapphire_star;13;black_chalk,white_chalk,yellow_chalk,tan_chalk
ruby_star;50;tan_sandstone
ruby_star;50;tan_siltstone
ruby_star;50;tan_mudstone
ruby_star;50;red_shale
ruby_star;50;tan_claystone
ruby_star;50;red_rock_salt
ruby_star;50;red_limestone
ruby_star;50;tan_conglomerate
ruby_star;50;tan_dolomite
ruby_star;50;tan_chert
ruby_star;50;tan_chalk
