gem_name;type;
alexandrite;crst_5,disc_5
almandine;cube_1,acub_1,tthr_1
amber_opal;acub_1,cube_1,crst_1,crst_2,crst_3,crst_4,crst_5,crst_6,crst_7,crst_8,dode_1,icos_1,pllr_2,pod_1,ring_1,ring_2,tthr_1,disk_1,disk_2,disk_3,disk_4,disk_5,disk_6,disk_7,disk_8
amethyst;crst_5,crst_6,crst_7,crst_8
aquamarine;disc_8,pllr_2
aventurine;crst_5,crst_6,crst_7,crst_8
banded_agate;crst_5,crst_6,crst_7,crst_8
black_pyrope;cube_1,acub_1,tthr_1
black_zircon;crst_5
bloodstone;crst_5,crst_6,crst_7,crst_8
blue_garnet;cube_1,acub_1,tthr_1
blue_jade;crst1,disk_1,disk_2,disk_3,disk_4,disk_5,disk_6,disk_7,disk_8
bone_opal;acub_1,cube_1,crst_1,crst_2,crst_3,crst_4,crst_5,crst_6,crst_7,crst_8,dode_1,icos_1,pllr_2,pod_1,ring_1,ring_2,tthr_1,disk_1,disk_2,disk_3,disk_4,disk_5,disk_6,disk_7,disk_8
brown_jasper;crst_5,crst_6,crst_7,crst_8
brown_zircon;crst_5
carnelian;crst_5,crst_6,crst_7,crst_8
cat's_eye;crst_5,disc_5
cherry_opal;acub_1,cube_1,crst_1,crst_2,crst_3,crst_4,crst_5,crst_6,crst_7,crst_8,dode_1,icos_1,pllr_2,pod_1,ring_1,ring_2,tthr_1,disk_1,disk_2,disk_3,disk_4,disk_5,disk_6,disk_7,disk_8
chrysoberyl;crst_5,disc_5
chrysocolla;crst_5,disc_5
chrysoprase;crst_5,crst_6,crst_7,crst_8
cinnamon_grossular;cube_1,acub_1,tthr_1
citrine;crst_5,crst_6,crst_7,crst_8
clear_garnet;cube_1,acub_1,tthr_1
clear_tourmaline;crst_2,crst_3,crst_4,crst_5
clear_zircon;crst_5
crystal_rock;crst_5,crst_6,crst_7,crst_8
demantoid;cube_1,acub_1,tthr_1
dendritic_agate;crst_5,crst_6,crst_7,crst_8
diamond_black;cube_1,acub_1,tthr_1
diamond_blue;cube_1,acub_1,tthr_1
diamond_clear;cube_1,acub_1,tthr_1
diamond_fy;cube_1,acub_1,tthr_1
diamond_green;cube_1,acub_1,tthr_1
diamond_ly;cube_1,acub_1,tthr_1
diamond_red;cube_1,acub_1,tthr_1
diamond_yellow;cube_1,acub_1,tthr_1
emerald;disc_8,pllr_2
fire_agate;crst_5,crst_6,crst_7,crst_8
fire_opal;acub_1,cube_1,crst_1,crst_2,crst_3,crst_4,crst_5,crst_6,crst_7,crst_8,dode_1,icos_1,pllr_2,pod_1,ring_1,ring_2,tthr_1,disk_1,disk_2,disk_3,disk_4,disk_5,disk_6,disk_7,disk_8
fortification_agate;crst_5,crst_6,crst_7,crst_8
gold_opal;acub_1,cube_1,crst_1,crst_2,crst_3,crst_4,crst_5,crst_6,crst_7,crst_8,dode_1,icos_1,pllr_2,pod_1,ring_1,ring_2,tthr_1,disk_1,disk_2,disk_3,disk_4,disk_5,disk_6,disk_7,disk_8
golden_beryl;disc_8,pllr_2
goshenite;disc_8,pllr_2
gray_chalcedony;crst_5,crst_6,crst_7,crst_8
green_jade;crst1,disk_1,disk_2,disk_3,disk_4,disk_5,disk_6,disk_7,disk_8
green_tourmaline;crst_2,crst_3,crst_4,crst_5
green_zircon;crst_5
heliodor;disc_8,pllr_2
honey_yellow_beryl;disc_8,pllr_2
indigo_tourmaline;crst_2,crst_3,crst_4,crst_5
jasper_opal;acub_1,cube_1,crst_1,crst_2,crst_3,crst_4,crst_5,crst_6,crst_7,crst_8,dode_1,icos_1,pllr_2,pod_1,ring_1,ring_2,tthr_1,disk_1,disk_2,disk_3,disk_4,disk_5,disk_6,disk_7,disk_8
jelly_opal;acub_1,cube_1,crst_1,crst_2,crst_3,crst_4,crst_5,crst_6,crst_7,crst_8,dode_1,icos_1,pllr_2,pod_1,ring_1,ring_2,tthr_1,disk_1,disk_2,disk_3,disk_4,disk_5,disk_6,disk_7,disk_8
kunzite;crst1,disk_1,disk_2,disk_3,disk_4,disk_5,disk_6,disk_7,disk_8
lace_agate;crst_5,crst_6,crst_7,crst_8
lapis_lazuli;acub_1,cube_1,crst_1,crst_2,crst_3,crst_4,crst_5,crst_6,crst_7,crst_8,dode_1,icos_1,pllr_2,pod_1,ring_1,ring_2,tthr_1,disk_1,disk_2,disk_3,disk_4,disk_5,disk_6,disk_7,disk_8
lavender_jade;crst1,disk_1,disk_2,disk_3,disk_4,disk_5,disk_6,disk_7,disk_8
melanite;cube_1,acub_1,tthr_1
milk_opal;acub_1,cube_1,crst_1,crst_2,crst_3,crst_4,crst_5,crst_6,crst_7,crst_8,dode_1,icos_1,pllr_2,pod_1,ring_1,ring_2,tthr_1,disk_1,disk_2,disk_3,disk_4,disk_5,disk_6,disk_7,disk_8
milk_quartz;crst_5,crst_6,crst_7,crst_8
moonstone;crst1,disk_1,disk_2,disk_3,disk_4,disk_5,disk_6,disk_7,disk_8
morganite;disc_8,pllr_2
morion;crst_5,crst_6,crst_7,crst_8
moss_agate;crst_5,crst_6,crst_7,crst_8
moss_opal;acub_1,cube_1,crst_1,crst_2,crst_3,crst_4,crst_5,crst_6,crst_7,crst_8,dode_1,icos_1,pllr_2,pod_1,ring_1,ring_2,tthr_1,disk_1,disk_2,disk_3,disk_4,disk_5,disk_6,disk_7,disk_8
onyx;crst_5,crst_6,crst_7,crst_8
onyx_opal;acub_1,cube_1,crst_1,crst_2,crst_3,crst_4,crst_5,crst_6,crst_7,crst_8,dode_1,icos_1,pllr_2,pod_1,ring_1,ring_2,tthr_1,disk_1,disk_2,disk_3,disk_4,disk_5,disk_6,disk_7,disk_8
opal_bandfire;acub_1,cube_1,crst_1,crst_2,crst_3,crst_4,crst_5,crst_6,crst_7,crst_8,dode_1,icos_1,pllr_2,pod_1,ring_1,ring_2,tthr_1,disk_1,disk_2,disk_3,disk_4,disk_5,disk_6,disk_7,disk_8
opal_black;acub_1,cube_1,crst_1,crst_2,crst_3,crst_4,crst_5,crst_6,crst_7,crst_8,dode_1,icos_1,pllr_2,pod_1,ring_1,ring_2,tthr_1,disk_1,disk_2,disk_3,disk_4,disk_5,disk_6,disk_7,disk_8
opal_claro;acub_1,cube_1,crst_1,crst_2,crst_3,crst_4,crst_5,crst_6,crst_7,crst_8,dode_1,icos_1,pllr_2,pod_1,ring_1,ring_2,tthr_1,disk_1,disk_2,disk_3,disk_4,disk_5,disk_6,disk_7,disk_8
opal_crystal;acub_1,cube_1,crst_1,crst_2,crst_3,crst_4,crst_5,crst_6,crst_7,crst_8,dode_1,icos_1,pllr_2,pod_1,ring_1,ring_2,tthr_1,disk_1,disk_2,disk_3,disk_4,disk_5,disk_6,disk_7,disk_8
opal_harlequin;acub_1,cube_1,crst_1,crst_2,crst_3,crst_4,crst_5,crst_6,crst_7,crst_8,dode_1,icos_1,pllr_2,pod_1,ring_1,ring_2,tthr_1,disk_1,disk_2,disk_3,disk_4,disk_5,disk_6,disk_7,disk_8
opal_levin;acub_1,cube_1,crst_1,crst_2,crst_3,crst_4,crst_5,crst_6,crst_7,crst_8,dode_1,icos_1,pllr_2,pod_1,ring_1,ring_2,tthr_1,disk_1,disk_2,disk_3,disk_4,disk_5,disk_6,disk_7,disk_8
opal_pfire;acub_1,cube_1,crst_1,crst_2,crst_3,crst_4,crst_5,crst_6,crst_7,crst_8,dode_1,icos_1,pllr_2,pod_1,ring_1,ring_2,tthr_1,disk_1,disk_2,disk_3,disk_4,disk_5,disk_6,disk_7,disk_8
opal_pinfire;acub_1,cube_1,crst_1,crst_2,crst_3,crst_4,crst_5,crst_6,crst_7,crst_8,dode_1,icos_1,pllr_2,pod_1,ring_1,ring_2,tthr_1,disk_1,disk_2,disk_3,disk_4,disk_5,disk_6,disk_7,disk_8
opal_redflash;acub_1,cube_1,crst_1,crst_2,crst_3,crst_4,crst_5,crst_6,crst_7,crst_8,dode_1,icos_1,pllr_2,pod_1,ring_1,ring_2,tthr_1,disk_1,disk_2,disk_3,disk_4,disk_5,disk_6,disk_7,disk_8
opal_white;acub_1,cube_1,crst_1,crst_2,crst_3,crst_4,crst_5,crst_6,crst_7,crst_8,dode_1,icos_1,pllr_2,pod_1,ring_1,ring_2,tthr_1,disk_1,disk_2,disk_3,disk_4,disk_5,disk_6,disk_7,disk_8
peridot;crst_5,disc_5
picture_jasper;crst_5,crst_6,crst_7,crst_8
pineapple_opal;acub_1,cube_1,crst_1,crst_2,crst_3,crst_4,crst_5,crst_6,crst_7,crst_8,dode_1,icos_1,pllr_2,pod_1,ring_1,ring_2,tthr_1,disk_1,disk_2,disk_3,disk_4,disk_5,disk_6,disk_7,disk_8
pink_garnet;cube_1,acub_1,tthr_1
pink_jade;crst1,disk_1,disk_2,disk_3,disk_4,disk_5,disk_6,disk_7,disk_8
pink_tourmaline;crst_2,crst_3,crst_4,crst_5
pipe_opal;acub_1,cube_1,crst_1,crst_2,crst_3,crst_4,crst_5,crst_6,crst_7,crst_8,dode_1,icos_1,pllr_2,pod_1,ring_1,ring_2,tthr_1,disk_1,disk_2,disk_3,disk_4,disk_5,disk_6,disk_7,disk_8
plume_agate;crst_5,crst_6,crst_7,crst_8
prase;crst_5,crst_6,crst_7,crst_8
prase_opal;acub_1,cube_1,crst_1,crst_2,crst_3,crst_4,crst_5,crst_6,crst_7,crst_8,dode_1,icos_1,pllr_2,pod_1,ring_1,ring_2,tthr_1,disk_1,disk_2,disk_3,disk_4,disk_5,disk_6,disk_7,disk_8
pyrite;cube_1,acub_1,tthr_1
quartz_rose;crst_5,crst_6,crst_7,crst_8
red_beryl;disc_8,pllr_2
red_grossular;cube_1,acub_1,tthr_1
red_pyrope;cube_1,acub_1,tthr_1
red_tourmaline;crst_2,crst_3,crst_4,crst_5
red_zircon;crst_5
resin_opal;acub_1,cube_1,crst_1,crst_2,crst_3,crst_4,crst_5,crst_6,crst_7,crst_8,dode_1,icos_1,pllr_2,pod_1,ring_1,ring_2,tthr_1,disk_1,disk_2,disk_3,disk_4,disk_5,disk_6,disk_7,disk_8
rhodolite;cube_1,acub_1,tthr_1
rubicelle;cube_1,acub_1,tthr_1
ruby;pllr_2
ruby_star;pllr_2
sapphire;pllr_2
sapphire_star;pllr_2
sard;crst_5,crst_6,crst_7,crst_8
sardonyx;crst_5,crst_6,crst_7,crst_8
schorl;crst_2,crst_3,crst_4,crst_5
shell_opal;acub_1,cube_1,crst_1,crst_2,crst_3,crst_4,crst_5,crst_6,crst_7,crst_8,dode_1,icos_1,pllr_2,pod_1,ring_1,ring_2,tthr_1,disk_1,disk_2,disk_3,disk_4,disk_5,disk_6,disk_7,disk_8
smoky_quartz;crst_5,crst_6,crst_7,crst_8
spinel_purple;cube_1,acub_1,tthr_1
spinel_red;cube_1,acub_1,tthr_1
sunstone;crst4,disc4
tanzanite;crst_5,disc_5
tiger_iron;acub_1,cube_1,crst_1,crst_2,crst_3,crst_4,crst_5,crst_6,crst_7,crst_8,dode_1,icos_1,pllr_2,pod_1,ring_1,ring_2,tthr_1,disk_1,disk_2,disk_3,disk_4,disk_5,disk_6,disk_7,disk_8
tigereye;crst_5,crst_6,crst_7,crst_8
topaz;crst_5,disc_5
topazolite;cube_1,acub_1,tthr_1
tsavorite;cube_1,acub_1,tthr_1
tube_agate;crst_5,crst_6,crst_7,crst_8
turquoise;disc4,crst4
variscite;crst_5,disc_5
violet_spessartine;cube_1,acub_1,tthr_1
wax_opal;acub_1,cube_1,crst_1,crst_2,crst_3,crst_4,crst_5,crst_6,crst_7,crst_8,dode_1,icos_1,pllr_2,pod_1,ring_1,ring_2,tthr_1,disk_1,disk_2,disk_3,disk_4,disk_5,disk_6,disk_7,disk_8
white_chalcedony;crst_5,crst_6,crst_7,crst_8
white_jade;crst1,disk_1,disk_2,disk_3,disk_4,disk_5,disk_6,disk_7,disk_8
wood_opal;acub_1,cube_1,crst_1,crst_2,crst_3,crst_4,crst_5,crst_6,crst_7,crst_8,dode_1,icos_1,pllr_2,pod_1,ring_1,ring_2,tthr_1,disk_1,disk_2,disk_3,disk_4,disk_5,disk_6,disk_7,disk_8
yellow_grossular;cube_1,acub_1,tthr_1
yellow_jasper;crst_5,crst_6,crst_7,crst_8
yellow_spessartine;cube_1,acub_1,tthr_1
yellow_zircon;crst_5
