Target;minerals;types;spacing
NONE;raw_adamantine,slade;NONE,NONE;0.0
black_andesite;cobaltite,stibnite,magnetite,pyrolusite,hornblende,alunite;VEIN,CLUSTER_SMALL,CLUSTER_SMALL,CLUSTER_SMALL,CLUSTER_SMALL,CLUSTER;11.0
black_basalt;cobaltite,stibnite,magnetite,pyrolusite,hornblende,alunite;VEIN,CLUSTER_SMALL,CLUSTER_SMALL,CLUSTER_SMALL,CLUSTER_SMALL,CLUSTER;11.0
black_chalk;coal_bituminous,lignite,jet,magnetite,alunite;VEIN,VEIN,CLUSTER,CLUSTER,CLUSTER;8.0
black_chert;cassiterite,coal_bituminous,lignite,jet,magnetite,alunite;CLUSTER_SMALL,VEIN,VEIN,CLUSTER,CLUSTER,CLUSTER;10.0
black_claystone;cassiterite,coal_bituminous,lignite,jet,magnetite,alunite;CLUSTER_SMALL,VEIN,VEIN,CLUSTER,CLUSTER,CLUSTER;10.0
black_conglomerate;coal_bituminous,lignite,jet,magnetite,alunite;VEIN,VEIN,CLUSTER,CLUSTER,CLUSTER;8.0
black_dacite;cobaltite,stibnite,magnetite,pyrolusite,hornblende,alunite;VEIN,CLUSTER_SMALL,CLUSTER_SMALL,CLUSTER_SMALL,CLUSTER_SMALL,CLUSTER;11.0
black_diorite;cobaltite,magnetite,pyrolusite,hornblende;VEIN,CLUSTER_SMALL,CLUSTER_SMALL,CLUSTER_SMALL;7.0
black_dolomite;cassiterite,coal_bituminous,lignite,jet,magnetite,alunite;CLUSTER_SMALL,VEIN,VEIN,CLUSTER,CLUSTER,CLUSTER;10.0
black_gabbro;cobaltite,kimberlite,magnetite,chromite,pyrolusite,hornblende;VEIN,VEIN,CLUSTER_SMALL,VEIN,CLUSTER_SMALL,CLUSTER_SMALL;9.0
black_gneiss;sphalerite,cobaltite,graphite,magnetite,hornblende;VEIN,VEIN,CLUSTER_SMALL,CLUSTER_SMALL,CLUSTER_SMALL;8.0
black_granite;cassiterite,cobaltite,magnetite,pyrolusite,pitchblende,hornblende;VEIN,VEIN,CLUSTER_SMALL,CLUSTER_SMALL,CLUSTER_SMALL,CLUSTER_SMALL;10.0
black_limestone;coal_bituminous,lignite,jet,magnetite,alunite;VEIN,VEIN,CLUSTER,CLUSTER,CLUSTER;8.0
black_marble;sphalerite,cobaltite,graphite,magnetite,hornblende;VEIN,VEIN,CLUSTER_SMALL,CLUSTER_SMALL,CLUSTER_SMALL;8.0
black_mudstone;cassiterite,coal_bituminous,lignite,jet,magnetite,alunite;CLUSTER_SMALL,VEIN,VEIN,CLUSTER,CLUSTER,CLUSTER;10.0
black_obsidian;cobaltite,stibnite,magnetite,pyrolusite,hornblende,alunite;VEIN,CLUSTER_SMALL,CLUSTER_SMALL,CLUSTER_SMALL,CLUSTER_SMALL,CLUSTER;11.0
black_phyllite;sphalerite,cobaltite,magnetite,hornblende;VEIN,VEIN,CLUSTER_SMALL,CLUSTER_SMALL;6.0
black_quartzite;sphalerite,cobaltite,graphite,magnetite,hornblende;VEIN,VEIN,CLUSTER_SMALL,CLUSTER_SMALL,CLUSTER_SMALL;8.0
black_rhyolite;cobaltite,stibnite,magnetite,pyrolusite,hornblende,alunite;VEIN,CLUSTER_SMALL,CLUSTER_SMALL,CLUSTER_SMALL,CLUSTER_SMALL,CLUSTER;11.0
black_rock_salt;cassiterite,coal_bituminous,lignite,jet,magnetite,alunite;CLUSTER_SMALL,VEIN,VEIN,CLUSTER,CLUSTER,CLUSTER;10.0
black_sandstone;coal_bituminous,lignite,jet,magnetite,alunite;VEIN,VEIN,CLUSTER,CLUSTER,CLUSTER;8.0
black_schist;sphalerite,cobaltite,graphite,magnetite,hornblende;VEIN,VEIN,CLUSTER_SMALL,CLUSTER_SMALL,CLUSTER_SMALL;8.0
black_shale;coal_bituminous,lignite,jet,magnetite,alunite;VEIN,VEIN,CLUSTER,CLUSTER,CLUSTER;8.0
black_siltstone;cassiterite,coal_bituminous,lignite,jet,magnetite,alunite;CLUSTER_SMALL,VEIN,VEIN,CLUSTER,CLUSTER,CLUSTER;10.0
black_slate;sphalerite,cobaltite,magnetite,hornblende;VEIN,VEIN,CLUSTER_SMALL,CLUSTER_SMALL;6.0
green_andesite;native_gold,native_copper,brimstone,orpiment,microcline;VEIN,VEIN,CLUSTER_SMALL,CLUSTER_SMALL,CLUSTER;8.0
green_basalt;native_gold,native_copper,brimstone,orpiment,microcline;VEIN,VEIN,CLUSTER_SMALL,CLUSTER_SMALL,CLUSTER;8.0
green_dacite;native_gold,native_copper,brimstone,orpiment,microcline;VEIN,VEIN,CLUSTER_SMALL,CLUSTER_SMALL,CLUSTER;8.0
green_diorite;native_gold,microcline;VEIN,CLUSTER;3.0
green_gabbro;native_gold,olivine,serpentine,microcline;VEIN,CLUSTER,CLUSTER_SMALL,CLUSTER;7.0
green_gneiss;horn_silver,microcline,mica;CLUSTER_SMALL,CLUSTER,CLUSTER;6.0
green_granite;native_gold,horn_silver,microcline,mica;VEIN,CLUSTER_SMALL,CLUSTER,CLUSTER;7.0
green_marble;malachite,periclase,microcline,mica;VEIN,CLUSTER_SMALL,CLUSTER,CLUSTER;7.0
green_obsidian;native_gold,native_copper,brimstone,orpiment,microcline;VEIN,VEIN,CLUSTER_SMALL,CLUSTER_SMALL,CLUSTER;8.0
green_phyllite;microcline,mica;CLUSTER,CLUSTER;4.0
green_quartzite;microcline,mica;CLUSTER,CLUSTER;4.0
green_rhyolite;native_gold,native_copper,brimstone,orpiment,microcline;VEIN,VEIN,CLUSTER_SMALL,CLUSTER_SMALL,CLUSTER;8.0
green_schist;microcline,mica;CLUSTER,CLUSTER;4.0
green_slate;microcline,mica;CLUSTER,CLUSTER;4.0
red_andesite;hematite,cinnabar,realgar;VEIN,VEIN,CLUSTER_SMALL;4.0
red_basalt;hematite,cinnabar,realgar;VEIN,VEIN,CLUSTER_SMALL;4.0
red_dacite;hematite,cinnabar,realgar;VEIN,VEIN,CLUSTER_SMALL;4.0
red_diorite;hematite,orthoclase;CLUSTER_SMALL,CLUSTER;4.0
red_gabbro;hematite,ilmenite,orthoclase;CLUSTER_SMALL,CLUSTER_SMALL,CLUSTER;6.0
red_gneiss;hematite,orthoclase;CLUSTER_SMALL,CLUSTER;4.0
red_granite;hematite,bismuthinite,orthoclase;CLUSTER_SMALL,CLUSTER_SMALL,CLUSTER;6.0
red_limestone;hematite,bauxite;VEIN,CLUSTER;3.0
red_marble;hematite,orthoclase;CLUSTER_SMALL,CLUSTER;4.0
red_obsidian;hematite,cinnabar,realgar;VEIN,VEIN,CLUSTER_SMALL;4.0
red_phyllite;hematite,orthoclase;CLUSTER_SMALL,CLUSTER;4.0
red_rhyolite;hematite,cinnabar,realgar;VEIN,VEIN,CLUSTER_SMALL;4.0
red_rock_salt;hematite,sylvite,bauxite;VEIN,CLUSTER,CLUSTER;5.0
red_schist;hematite,orthoclase;CLUSTER_SMALL,CLUSTER;4.0
red_shale;hematite,cinnabar,bauxite;VEIN,VEIN,CLUSTER;4.0
tan_chalk;hematite,bauxite;VEIN,CLUSTER;3.0
tan_chert;hematite,bauxite;VEIN,CLUSTER;3.0
tan_claystone;hematite,bauxite;VEIN,CLUSTER;3.0
tan_conglomerate;hematite,bauxite;VEIN,CLUSTER;3.0
tan_dolomite;hematite,bauxite;VEIN,CLUSTER;3.0
tan_mudstone;hematite,bauxite;VEIN,CLUSTER;3.0
tan_quartzite;hematite,cinnabar,orthoclase;CLUSTER_SMALL,VEIN,CLUSTER;5.0
tan_sandstone;hematite,bauxite;VEIN,CLUSTER;3.0
tan_siltstone;hematite,bauxite;VEIN,CLUSTER;3.0
tan_slate;hematite,orthoclase;CLUSTER_SMALL,CLUSTER;4.0
white_andesite;galena,native_platinum,tetrahedrite,native_aluminum;VEIN,VEIN,VEIN,CLUSTER_SMALL;5.0
white_basalt;galena,native_platinum,tetrahedrite,native_aluminum;VEIN,VEIN,VEIN,CLUSTER_SMALL;5.0
white_chalk;native_platinum,tetrahedrite,gypsum,borax,kaolinite,saltpeter,alabaster,selenite,satinspar,anhydrite,anhydrite;VEIN,VEIN,CLUSTER,CLUSTER_SMALL,CLUSTER,CLUSTER_SMALL,CLUSTER_SMALL,CLUSTER_SMALL,CLUSTER_SMALL,CLUSTER_ONE,CLUSTER_SMALL;18.0
white_chert;native_platinum,native_platinum,tetrahedrite,gypsum,borax,kaolinite,saltpeter,alabaster,selenite,satinspar,anhydrite,anhydrite;CLUSTER_SMALL,VEIN,VEIN,CLUSTER,CLUSTER_SMALL,CLUSTER,CLUSTER_SMALL,CLUSTER_SMALL,CLUSTER_SMALL,CLUSTER_SMALL,CLUSTER_ONE,CLUSTER_SMALL;20.0
white_claystone;native_platinum,native_platinum,tetrahedrite,gypsum,borax,kaolinite,saltpeter,alabaster,selenite,satinspar,anhydrite,anhydrite;CLUSTER_SMALL,VEIN,VEIN,CLUSTER,CLUSTER_SMALL,CLUSTER,CLUSTER_SMALL,CLUSTER_SMALL,CLUSTER_SMALL,CLUSTER_SMALL,CLUSTER_ONE,CLUSTER_SMALL;20.0
white_conglomerate;native_platinum,tetrahedrite,gypsum,borax,kaolinite,saltpeter,alabaster,selenite,satinspar,anhydrite,anhydrite;VEIN,VEIN,CLUSTER,CLUSTER_SMALL,CLUSTER,CLUSTER_SMALL,CLUSTER_SMALL,CLUSTER_SMALL,CLUSTER_SMALL,CLUSTER_ONE,CLUSTER_SMALL;18.0
white_dacite;galena,native_platinum,tetrahedrite,native_aluminum;VEIN,VEIN,VEIN,CLUSTER_SMALL;5.0
white_diorite;native_platinum,tetrahedrite;VEIN,VEIN;2.0
white_dolomite;native_platinum,native_platinum,tetrahedrite,gypsum,talc,borax,kaolinite,saltpeter,alabaster,selenite,satinspar,anhydrite,anhydrite;CLUSTER_SMALL,VEIN,VEIN,CLUSTER,CLUSTER,CLUSTER_SMALL,CLUSTER,CLUSTER_SMALL,CLUSTER_SMALL,CLUSTER_SMALL,CLUSTER_SMALL,CLUSTER_ONE,CLUSTER_SMALL;22.0
white_gabbro;garnierite,native_platinum,native_platinum,tetrahedrite;VEIN,CLUSTER_SMALL,VEIN,VEIN;5.0
white_gneiss;native_silver,galena,native_platinum,tetrahedrite,rutile;VEIN,VEIN,VEIN,VEIN,CLUSTER_SMALL;6.0
white_granite;native_silver,galena,native_platinum,tetrahedrite,cryolite,rutile;VEIN,VEIN,VEIN,VEIN,CLUSTER_SMALL,CLUSTER_SMALL;8.0
white_limestone;galena,native_platinum,tetrahedrite,gypsum,borax,kaolinite,calcite,saltpeter,alabaster,selenite,satinspar,anhydrite,anhydrite;VEIN,VEIN,VEIN,CLUSTER,CLUSTER_SMALL,CLUSTER,CLUSTER_SMALL,CLUSTER_SMALL,CLUSTER_SMALL,CLUSTER_SMALL,CLUSTER_SMALL,CLUSTER_ONE,CLUSTER_SMALL;21.0
white_marble;galena,native_platinum,tetrahedrite,rutile,calcite;VEIN,VEIN,VEIN,CLUSTER_SMALL,CLUSTER_SMALL;7.0
white_mudstone;native_platinum,native_platinum,tetrahedrite,gypsum,borax,kaolinite,saltpeter,alabaster,selenite,satinspar,anhydrite,anhydrite;CLUSTER_SMALL,VEIN,VEIN,CLUSTER,CLUSTER_SMALL,CLUSTER,CLUSTER_SMALL,CLUSTER_SMALL,CLUSTER_SMALL,CLUSTER_SMALL,CLUSTER_ONE,CLUSTER_SMALL;20.0
white_obsidian;galena,native_platinum,tetrahedrite,native_aluminum;VEIN,VEIN,VEIN,CLUSTER_SMALL;5.0
white_phyllite;galena,native_platinum,tetrahedrite,rutile;VEIN,VEIN,VEIN,CLUSTER_SMALL;5.0
white_quartzite;galena,native_platinum,tetrahedrite,rutile;VEIN,VEIN,VEIN,CLUSTER_SMALL;5.0
white_rhyolite;galena,native_platinum,tetrahedrite,native_aluminum;VEIN,VEIN,VEIN,CLUSTER_SMALL;5.0
white_rock_salt;native_platinum,native_platinum,tetrahedrite,gypsum,borax,borax,kaolinite,saltpeter,alabaster,selenite,satinspar,anhydrite,anhydrite;CLUSTER_SMALL,VEIN,VEIN,CLUSTER,CLUSTER,CLUSTER_SMALL,CLUSTER,CLUSTER_SMALL,CLUSTER_SMALL,CLUSTER_SMALL,CLUSTER_SMALL,CLUSTER_ONE,CLUSTER_SMALL;22.0
white_sandstone;native_platinum,tetrahedrite,gypsum,borax,kaolinite,saltpeter,alabaster,selenite,satinspar,anhydrite,anhydrite;VEIN,VEIN,CLUSTER,CLUSTER_SMALL,CLUSTER,CLUSTER_SMALL,CLUSTER_SMALL,CLUSTER_SMALL,CLUSTER_SMALL,CLUSTER_ONE,CLUSTER_SMALL;18.0
white_schist;galena,native_platinum,tetrahedrite,rutile;VEIN,VEIN,VEIN,CLUSTER_SMALL;5.0
white_shale;native_platinum,tetrahedrite,gypsum,borax,kaolinite,saltpeter,alabaster,selenite,satinspar,anhydrite,anhydrite;VEIN,VEIN,CLUSTER,CLUSTER_SMALL,CLUSTER,CLUSTER_SMALL,CLUSTER_SMALL,CLUSTER_SMALL,CLUSTER_SMALL,CLUSTER_ONE,CLUSTER_SMALL;18.0
white_siltstone;native_platinum,native_platinum,tetrahedrite,gypsum,borax,kaolinite,saltpeter,alabaster,selenite,satinspar,anhydrite,anhydrite;CLUSTER_SMALL,VEIN,VEIN,CLUSTER,CLUSTER_SMALL,CLUSTER,CLUSTER_SMALL,CLUSTER_SMALL,CLUSTER_SMALL,CLUSTER_SMALL,CLUSTER_ONE,CLUSTER_SMALL;20.0
white_slate;galena,native_platinum,tetrahedrite,rutile;VEIN,VEIN,VEIN,CLUSTER_SMALL;5.0
yellow_chalk;limonite,petrified_wood,brimstone,marcasite,microcline;VEIN,CLUSTER_SMALL,CLUSTER_SMALL,CLUSTER_SMALL,CLUSTER;9.0
yellow_chert;limonite,native_gold,petrified_wood,brimstone,marcasite,microcline;VEIN,CLUSTER_SMALL,CLUSTER_SMALL,CLUSTER_SMALL,CLUSTER_SMALL,CLUSTER;11.0
yellow_claystone;limonite,native_gold,petrified_wood,brimstone,marcasite,microcline;VEIN,CLUSTER_SMALL,CLUSTER_SMALL,CLUSTER_SMALL,CLUSTER_SMALL,CLUSTER;11.0
yellow_conglomerate;limonite,puddingstone,petrified_wood,brimstone,marcasite,microcline;VEIN,CLUSTER,CLUSTER_SMALL,CLUSTER_SMALL,CLUSTER_SMALL,CLUSTER;11.0
yellow_dolomite;limonite,native_gold,petrified_wood,brimstone,marcasite,microcline;VEIN,CLUSTER_SMALL,CLUSTER_SMALL,CLUSTER_SMALL,CLUSTER_SMALL,CLUSTER;11.0
yellow_limestone;limonite,malachite,petrified_wood,brimstone,marcasite,microcline;VEIN,VEIN,CLUSTER_SMALL,CLUSTER_SMALL,CLUSTER_SMALL,CLUSTER;10.0
yellow_mudstone;limonite,native_gold,petrified_wood,brimstone,marcasite,microcline;VEIN,CLUSTER_SMALL,CLUSTER_SMALL,CLUSTER_SMALL,CLUSTER_SMALL,CLUSTER;11.0
yellow_rock_salt;limonite,native_gold,petrified_wood,brimstone,marcasite,microcline;VEIN,CLUSTER_SMALL,CLUSTER_SMALL,CLUSTER_SMALL,CLUSTER_SMALL,CLUSTER;11.0
yellow_sandstone;limonite,native_copper,petrified_wood,brimstone,marcasite,microcline;VEIN,VEIN,CLUSTER_SMALL,CLUSTER_SMALL,CLUSTER_SMALL,CLUSTER;10.0
yellow_shale;limonite,petrified_wood,brimstone,marcasite,microcline;VEIN,CLUSTER_SMALL,CLUSTER_SMALL,CLUSTER_SMALL,CLUSTER;9.0
yellow_siltstone;limonite,native_gold,petrified_wood,brimstone,marcasite,microcline;VEIN,CLUSTER_SMALL,CLUSTER_SMALL,CLUSTER_SMALL,CLUSTER_SMALL,CLUSTER;11.0
