mineral_name;type;target
hematite;VEIN;red_andesite
hematite;VEIN;red_basalt
hematite;VEIN;tan_chalk
hematite;VEIN;tan_chert
hematite;VEIN;tan_claystone
hematite;VEIN;tan_conglomerate
hematite;VEIN;red_dacite
hematite;CLUSTER_SMALL;red_diorite
hematite;VEIN;tan_dolomite
hematite;CLUSTER_SMALL;red_gabbro
hematite;CLUSTER_SMALL;red_gneiss
hematite;CLUSTER_SMALL;red_granite
hematite;VEIN;red_limestone
hematite;CLUSTER_SMALL;red_marble
hematite;VEIN;tan_mudstone
hematite;VEIN;red_obsidian
hematite;CLUSTER_SMALL;red_phyllite
hematite;CLUSTER_SMALL;tan_quartzite
hematite;VEIN;red_rhyolite
hematite;VEIN;red_rock_salt
hematite;VEIN;tan_sandstone
hematite;CLUSTER_SMALL;red_schist
hematite;VEIN;red_shale
hematite;VEIN;tan_siltstone
hematite;CLUSTER_SMALL;tan_slate
limonite;VEIN;yellow_chalk
limonite;VEIN;yellow_chert
limonite;VEIN;yellow_claystone
limonite;VEIN;yellow_conglomerate
limonite;VEIN;yellow_dolomite
limonite;VEIN;yellow_limestone
limonite;VEIN;yellow_mudstone
limonite;VEIN;yellow_rock_salt
limonite;VEIN;yellow_sandstone
limonite;VEIN;yellow_shale
limonite;VEIN;yellow_siltstone
garnierite;VEIN;white_gabbro
native_gold;VEIN;green_andesite
native_gold;VEIN;green_basalt
native_gold;CLUSTER_SMALL;yellow_chert
native_gold;CLUSTER_SMALL;yellow_claystone
native_gold;VEIN;green_dacite
native_gold;VEIN;green_diorite
native_gold;CLUSTER_SMALL;yellow_dolomite
native_gold;VEIN;green_gabbro
native_gold;VEIN;green_granite
native_gold;CLUSTER_SMALL;yellow_mudstone
native_gold;VEIN;green_obsidian
native_gold;VEIN;green_rhyolite
native_gold;CLUSTER_SMALL;yellow_rock_salt
native_gold;CLUSTER_SMALL;yellow_siltstone
native_silver;VEIN;white_gneiss
native_silver;VEIN;white_granite
native_copper;VEIN;green_andesite
native_copper;VEIN;green_basalt
native_copper;VEIN;green_dacite
native_copper;VEIN;green_obsidian
native_copper;VEIN;green_rhyolite
native_copper;VEIN;yellow_sandstone
malachite;VEIN;yellow_limestone
malachite;VEIN;green_marble
galena;VEIN;white_andesite
galena;VEIN;white_basalt
galena;VEIN;white_dacite
galena;VEIN;white_gneiss
galena;VEIN;white_granite
galena;VEIN;white_limestone
galena;VEIN;white_marble
galena;VEIN;white_obsidian
galena;VEIN;white_phyllite
galena;VEIN;white_quartzite
galena;VEIN;white_rhyolite
galena;VEIN;white_schist
galena;VEIN;white_slate
sphalerite;VEIN;black_gneiss
sphalerite;VEIN;black_marble
sphalerite;VEIN;black_phyllite
sphalerite;VEIN;black_quartzite
sphalerite;VEIN;black_schist
sphalerite;VEIN;black_slate
cassiterite;CLUSTER_SMALL;black_chert
cassiterite;CLUSTER_SMALL;black_claystone
cassiterite;CLUSTER_SMALL;black_dolomite
cassiterite;VEIN;black_granite
cassiterite;CLUSTER_SMALL;black_mudstone
cassiterite;CLUSTER_SMALL;black_rock_salt
cassiterite;CLUSTER_SMALL;black_siltstone
coal_bituminous;VEIN;black_chalk
coal_bituminous;VEIN;black_chert
coal_bituminous;VEIN;black_claystone
coal_bituminous;VEIN;black_conglomerate
coal_bituminous;VEIN;black_dolomite
coal_bituminous;VEIN;black_limestone
coal_bituminous;VEIN;black_mudstone
coal_bituminous;VEIN;black_rock_salt
coal_bituminous;VEIN;black_sandstone
coal_bituminous;VEIN;black_shale
coal_bituminous;VEIN;black_siltstone
lignite;VEIN;black_chalk
lignite;VEIN;black_chert
lignite;VEIN;black_claystone
lignite;VEIN;black_conglomerate
lignite;VEIN;black_dolomite
lignite;VEIN;black_limestone
lignite;VEIN;black_mudstone
lignite;VEIN;black_rock_salt
lignite;VEIN;black_sandstone
lignite;VEIN;black_shale
lignite;VEIN;black_siltstone
native_platinum;VEIN;white_andesite
native_platinum;VEIN;white_basalt
native_platinum;VEIN;white_chalk
native_platinum;CLUSTER_SMALL;white_chert
native_platinum;VEIN;white_chert
native_platinum;CLUSTER_SMALL;white_claystone
native_platinum;VEIN;white_claystone
native_platinum;VEIN;white_conglomerate
native_platinum;VEIN;white_dacite
native_platinum;VEIN;white_diorite
native_platinum;CLUSTER_SMALL;white_dolomite
native_platinum;VEIN;white_dolomite
native_platinum;CLUSTER_SMALL;white_gabbro
native_platinum;VEIN;white_gabbro
native_platinum;VEIN;white_gneiss
native_platinum;VEIN;white_granite
native_platinum;VEIN;white_limestone
native_platinum;VEIN;white_marble
native_platinum;CLUSTER_SMALL;white_mudstone
native_platinum;VEIN;white_mudstone
native_platinum;VEIN;white_obsidian
native_platinum;VEIN;white_phyllite
native_platinum;VEIN;white_quartzite
native_platinum;VEIN;white_rhyolite
native_platinum;CLUSTER_SMALL;white_rock_salt
native_platinum;VEIN;white_rock_salt
native_platinum;VEIN;white_sandstone
native_platinum;VEIN;white_schist
native_platinum;VEIN;white_shale
native_platinum;CLUSTER_SMALL;white_siltstone
native_platinum;VEIN;white_siltstone
native_platinum;VEIN;white_slate
cinnabar;VEIN;red_andesite
cinnabar;VEIN;red_basalt
cinnabar;VEIN;red_dacite
cinnabar;VEIN;red_obsidian
cinnabar;VEIN;tan_quartzite
cinnabar;VEIN;red_rhyolite
cinnabar;VEIN;red_shale
cobaltite;VEIN;black_andesite
cobaltite;VEIN;black_basalt
cobaltite;VEIN;black_dacite
cobaltite;VEIN;black_diorite
cobaltite;VEIN;black_gabbro
cobaltite;VEIN;black_gneiss
cobaltite;VEIN;black_granite
cobaltite;VEIN;black_marble
cobaltite;VEIN;black_obsidian
cobaltite;VEIN;black_phyllite
cobaltite;VEIN;black_quartzite
cobaltite;VEIN;black_rhyolite
cobaltite;VEIN;black_schist
cobaltite;VEIN;black_slate
tetrahedrite;VEIN;white_andesite
tetrahedrite;VEIN;white_basalt
tetrahedrite;VEIN;white_chalk
tetrahedrite;VEIN;white_chert
tetrahedrite;VEIN;white_claystone
tetrahedrite;VEIN;white_conglomerate
tetrahedrite;VEIN;white_dacite
tetrahedrite;VEIN;white_diorite
tetrahedrite;VEIN;white_dolomite
tetrahedrite;VEIN;white_gabbro
tetrahedrite;VEIN;white_gneiss
tetrahedrite;VEIN;white_granite
tetrahedrite;VEIN;white_limestone
tetrahedrite;VEIN;white_marble
tetrahedrite;VEIN;white_mudstone
tetrahedrite;VEIN;white_obsidian
tetrahedrite;VEIN;white_phyllite
tetrahedrite;VEIN;white_quartzite
tetrahedrite;VEIN;white_rhyolite
tetrahedrite;VEIN;white_rock_salt
tetrahedrite;VEIN;white_sandstone
tetrahedrite;VEIN;white_schist
tetrahedrite;VEIN;white_shale
tetrahedrite;VEIN;white_siltstone
tetrahedrite;VEIN;white_slate
horn_silver;CLUSTER_SMALL;green_gneiss
horn_silver;CLUSTER_SMALL;green_granite
gypsum;CLUSTER;white_chalk
gypsum;CLUSTER;white_chert
gypsum;CLUSTER;white_claystone
gypsum;CLUSTER;white_conglomerate
gypsum;CLUSTER;white_dolomite
gypsum;CLUSTER;white_limestone
gypsum;CLUSTER;white_mudstone
gypsum;CLUSTER;white_rock_salt
gypsum;CLUSTER;white_sandstone
gypsum;CLUSTER;white_shale
gypsum;CLUSTER;white_siltstone
talc;CLUSTER;white_dolomite
jet;CLUSTER;black_chalk
jet;CLUSTER;black_chert
jet;CLUSTER;black_claystone
jet;CLUSTER;black_conglomerate
jet;CLUSTER;black_dolomite
jet;CLUSTER;black_limestone
jet;CLUSTER;black_mudstone
jet;CLUSTER;black_rock_salt
jet;CLUSTER;black_sandstone
jet;CLUSTER;black_shale
jet;CLUSTER;black_siltstone
puddingstone;CLUSTER;yellow_conglomerate
petrified_wood;CLUSTER_SMALL;yellow_chalk
petrified_wood;CLUSTER_SMALL;yellow_chert
petrified_wood;CLUSTER_SMALL;yellow_claystone
petrified_wood;CLUSTER_SMALL;yellow_conglomerate
petrified_wood;CLUSTER_SMALL;yellow_dolomite
petrified_wood;CLUSTER_SMALL;yellow_limestone
petrified_wood;CLUSTER_SMALL;yellow_mudstone
petrified_wood;CLUSTER_SMALL;yellow_rock_salt
petrified_wood;CLUSTER_SMALL;yellow_sandstone
petrified_wood;CLUSTER_SMALL;yellow_shale
petrified_wood;CLUSTER_SMALL;yellow_siltstone
graphite;CLUSTER_SMALL;black_gneiss
graphite;CLUSTER_SMALL;black_marble
graphite;CLUSTER_SMALL;black_quartzite
graphite;CLUSTER_SMALL;black_schist
brimstone;CLUSTER_SMALL;green_andesite
brimstone;CLUSTER_SMALL;green_basalt
brimstone;CLUSTER_SMALL;yellow_chalk
brimstone;CLUSTER_SMALL;yellow_chert
brimstone;CLUSTER_SMALL;yellow_claystone
brimstone;CLUSTER_SMALL;yellow_conglomerate
brimstone;CLUSTER_SMALL;green_dacite
brimstone;CLUSTER_SMALL;yellow_dolomite
brimstone;CLUSTER_SMALL;yellow_limestone
brimstone;CLUSTER_SMALL;yellow_mudstone
brimstone;CLUSTER_SMALL;green_obsidian
brimstone;CLUSTER_SMALL;green_rhyolite
brimstone;CLUSTER_SMALL;yellow_rock_salt
brimstone;CLUSTER_SMALL;yellow_sandstone
brimstone;CLUSTER_SMALL;yellow_shale
brimstone;CLUSTER_SMALL;yellow_siltstone
kimberlite;VEIN;black_gabbro
bismuthinite;CLUSTER_SMALL;red_granite
realgar;CLUSTER_SMALL;red_andesite
realgar;CLUSTER_SMALL;red_basalt
realgar;CLUSTER_SMALL;red_dacite
realgar;CLUSTER_SMALL;red_obsidian
realgar;CLUSTER_SMALL;red_rhyolite
orpiment;CLUSTER_SMALL;green_andesite
orpiment;CLUSTER_SMALL;green_basalt
orpiment;CLUSTER_SMALL;green_dacite
orpiment;CLUSTER_SMALL;green_obsidian
orpiment;CLUSTER_SMALL;green_rhyolite
stibnite;CLUSTER_SMALL;black_andesite
stibnite;CLUSTER_SMALL;black_basalt
stibnite;CLUSTER_SMALL;black_dacite
stibnite;CLUSTER_SMALL;black_obsidian
stibnite;CLUSTER_SMALL;black_rhyolite
marcasite;CLUSTER_SMALL;yellow_chalk
marcasite;CLUSTER_SMALL;yellow_chert
marcasite;CLUSTER_SMALL;yellow_claystone
marcasite;CLUSTER_SMALL;yellow_conglomerate
marcasite;CLUSTER_SMALL;yellow_dolomite
marcasite;CLUSTER_SMALL;yellow_limestone
marcasite;CLUSTER_SMALL;yellow_mudstone
marcasite;CLUSTER_SMALL;yellow_rock_salt
marcasite;CLUSTER_SMALL;yellow_sandstone
marcasite;CLUSTER_SMALL;yellow_shale
marcasite;CLUSTER_SMALL;yellow_siltstone
sylvite;CLUSTER;red_rock_salt
cryolite;CLUSTER_SMALL;white_granite
periclase;CLUSTER_SMALL;green_marble
ilmenite;CLUSTER_SMALL;red_gabbro
rutile;CLUSTER_SMALL;white_gneiss
rutile;CLUSTER_SMALL;white_granite
rutile;CLUSTER_SMALL;white_marble
rutile;CLUSTER_SMALL;white_phyllite
rutile;CLUSTER_SMALL;white_quartzite
rutile;CLUSTER_SMALL;white_schist
rutile;CLUSTER_SMALL;white_slate
magnetite;CLUSTER_SMALL;black_andesite
magnetite;CLUSTER_SMALL;black_basalt
magnetite;CLUSTER;black_chalk
magnetite;CLUSTER;black_chert
magnetite;CLUSTER;black_claystone
magnetite;CLUSTER;black_conglomerate
magnetite;CLUSTER_SMALL;black_dacite
magnetite;CLUSTER_SMALL;black_diorite
magnetite;CLUSTER;black_dolomite
magnetite;CLUSTER_SMALL;black_gabbro
magnetite;CLUSTER_SMALL;black_gneiss
magnetite;CLUSTER_SMALL;black_granite
magnetite;CLUSTER;black_limestone
magnetite;CLUSTER_SMALL;black_marble
magnetite;CLUSTER;black_mudstone
magnetite;CLUSTER_SMALL;black_obsidian
magnetite;CLUSTER_SMALL;black_phyllite
magnetite;CLUSTER_SMALL;black_quartzite
magnetite;CLUSTER_SMALL;black_rhyolite
magnetite;CLUSTER;black_rock_salt
magnetite;CLUSTER;black_sandstone
magnetite;CLUSTER_SMALL;black_schist
magnetite;CLUSTER;black_shale
magnetite;CLUSTER;black_siltstone
magnetite;CLUSTER_SMALL;black_slate
chromite;VEIN;black_gabbro
pyrolusite;CLUSTER_SMALL;black_andesite
pyrolusite;CLUSTER_SMALL;black_basalt
pyrolusite;CLUSTER_SMALL;black_dacite
pyrolusite;CLUSTER_SMALL;black_diorite
pyrolusite;CLUSTER_SMALL;black_gabbro
pyrolusite;CLUSTER_SMALL;black_granite
pyrolusite;CLUSTER_SMALL;black_obsidian
pyrolusite;CLUSTER_SMALL;black_rhyolite
pitchblende;CLUSTER_SMALL;black_granite
bauxite;CLUSTER;tan_chalk
bauxite;CLUSTER;tan_chert
bauxite;CLUSTER;tan_claystone
bauxite;CLUSTER;tan_conglomerate
bauxite;CLUSTER;tan_dolomite
bauxite;CLUSTER;red_limestone
bauxite;CLUSTER;tan_mudstone
bauxite;CLUSTER;red_rock_salt
bauxite;CLUSTER;tan_sandstone
bauxite;CLUSTER;red_shale
bauxite;CLUSTER;tan_siltstone
native_aluminum;CLUSTER_SMALL;white_andesite
native_aluminum;CLUSTER_SMALL;white_basalt
native_aluminum;CLUSTER_SMALL;white_dacite
native_aluminum;CLUSTER_SMALL;white_obsidian
native_aluminum;CLUSTER_SMALL;white_rhyolite
borax;CLUSTER_SMALL;white_chalk
borax;CLUSTER_SMALL;white_chert
borax;CLUSTER_SMALL;white_claystone
borax;CLUSTER_SMALL;white_conglomerate
borax;CLUSTER_SMALL;white_dolomite
borax;CLUSTER_SMALL;white_limestone
borax;CLUSTER_SMALL;white_mudstone
borax;CLUSTER;white_rock_salt
borax;CLUSTER_SMALL;white_rock_salt
borax;CLUSTER_SMALL;white_sandstone
borax;CLUSTER_SMALL;white_shale
borax;CLUSTER_SMALL;white_siltstone
olivine;CLUSTER;green_gabbro
hornblende;CLUSTER_SMALL;black_andesite
hornblende;CLUSTER_SMALL;black_basalt
hornblende;CLUSTER_SMALL;black_dacite
hornblende;CLUSTER_SMALL;black_diorite
hornblende;CLUSTER_SMALL;black_gabbro
hornblende;CLUSTER_SMALL;black_gneiss
hornblende;CLUSTER_SMALL;black_granite
hornblende;CLUSTER_SMALL;black_marble
hornblende;CLUSTER_SMALL;black_obsidian
hornblende;CLUSTER_SMALL;black_phyllite
hornblende;CLUSTER_SMALL;black_quartzite
hornblende;CLUSTER_SMALL;black_rhyolite
hornblende;CLUSTER_SMALL;black_schist
hornblende;CLUSTER_SMALL;black_slate
kaolinite;CLUSTER;white_chalk
kaolinite;CLUSTER;white_chert
kaolinite;CLUSTER;white_claystone
kaolinite;CLUSTER;white_conglomerate
kaolinite;CLUSTER;white_dolomite
kaolinite;CLUSTER;white_limestone
kaolinite;CLUSTER;white_mudstone
kaolinite;CLUSTER;white_rock_salt
kaolinite;CLUSTER;white_sandstone
kaolinite;CLUSTER;white_shale
kaolinite;CLUSTER;white_siltstone
serpentine;CLUSTER_SMALL;green_gabbro
orthoclase;CLUSTER;red_diorite
orthoclase;CLUSTER;red_gabbro
orthoclase;CLUSTER;red_gneiss
orthoclase;CLUSTER;red_granite
orthoclase;CLUSTER;red_marble
orthoclase;CLUSTER;red_phyllite
orthoclase;CLUSTER;tan_quartzite
orthoclase;CLUSTER;red_schist
orthoclase;CLUSTER;tan_slate
microcline;CLUSTER;green_andesite
microcline;CLUSTER;green_basalt
microcline;CLUSTER;yellow_chalk
microcline;CLUSTER;yellow_chert
microcline;CLUSTER;yellow_claystone
microcline;CLUSTER;yellow_conglomerate
microcline;CLUSTER;green_dacite
microcline;CLUSTER;green_diorite
microcline;CLUSTER;yellow_dolomite
microcline;CLUSTER;green_gabbro
microcline;CLUSTER;green_gneiss
microcline;CLUSTER;green_granite
microcline;CLUSTER;yellow_limestone
microcline;CLUSTER;green_marble
microcline;CLUSTER;yellow_mudstone
microcline;CLUSTER;green_obsidian
microcline;CLUSTER;green_phyllite
microcline;CLUSTER;green_quartzite
microcline;CLUSTER;green_rhyolite
microcline;CLUSTER;yellow_rock_salt
microcline;CLUSTER;yellow_sandstone
microcline;CLUSTER;green_schist
microcline;CLUSTER;yellow_shale
microcline;CLUSTER;yellow_siltstone
microcline;CLUSTER;green_slate
mica;CLUSTER;green_gneiss
mica;CLUSTER;green_granite
mica;CLUSTER;green_marble
mica;CLUSTER;green_phyllite
mica;CLUSTER;green_quartzite
mica;CLUSTER;green_schist
mica;CLUSTER;green_slate
calcite;CLUSTER_SMALL;white_limestone
calcite;CLUSTER_SMALL;white_marble
saltpeter;CLUSTER_SMALL;white_chalk
saltpeter;CLUSTER_SMALL;white_chert
saltpeter;CLUSTER_SMALL;white_claystone
saltpeter;CLUSTER_SMALL;white_conglomerate
saltpeter;CLUSTER_SMALL;white_dolomite
saltpeter;CLUSTER_SMALL;white_limestone
saltpeter;CLUSTER_SMALL;white_mudstone
saltpeter;CLUSTER_SMALL;white_rock_salt
saltpeter;CLUSTER_SMALL;white_sandstone
saltpeter;CLUSTER_SMALL;white_shale
saltpeter;CLUSTER_SMALL;white_siltstone
alabaster;CLUSTER_SMALL;white_chalk
alabaster;CLUSTER_SMALL;white_chert
alabaster;CLUSTER_SMALL;white_claystone
alabaster;CLUSTER_SMALL;white_conglomerate
alabaster;CLUSTER_SMALL;white_dolomite
alabaster;CLUSTER_SMALL;white_limestone
alabaster;CLUSTER_SMALL;white_mudstone
alabaster;CLUSTER_SMALL;white_rock_salt
alabaster;CLUSTER_SMALL;white_sandstone
alabaster;CLUSTER_SMALL;white_shale
alabaster;CLUSTER_SMALL;white_siltstone
selenite;CLUSTER_SMALL;white_chalk
selenite;CLUSTER_SMALL;white_chert
selenite;CLUSTER_SMALL;white_claystone
selenite;CLUSTER_SMALL;white_conglomerate
selenite;CLUSTER_SMALL;white_dolomite
selenite;CLUSTER_SMALL;white_limestone
selenite;CLUSTER_SMALL;white_mudstone
selenite;CLUSTER_SMALL;white_rock_salt
selenite;CLUSTER_SMALL;white_sandstone
selenite;CLUSTER_SMALL;white_shale
selenite;CLUSTER_SMALL;white_siltstone
satinspar;CLUSTER_SMALL;white_chalk
satinspar;CLUSTER_SMALL;white_chert
satinspar;CLUSTER_SMALL;white_claystone
satinspar;CLUSTER_SMALL;white_conglomerate
satinspar;CLUSTER_SMALL;white_dolomite
satinspar;CLUSTER_SMALL;white_limestone
satinspar;CLUSTER_SMALL;white_mudstone
satinspar;CLUSTER_SMALL;white_rock_salt
satinspar;CLUSTER_SMALL;white_sandstone
satinspar;CLUSTER_SMALL;white_shale
satinspar;CLUSTER_SMALL;white_siltstone
anhydrite;CLUSTER_ONE;white_chalk
anhydrite;CLUSTER_SMALL;white_chalk
anhydrite;CLUSTER_ONE;white_chert
anhydrite;CLUSTER_SMALL;white_chert
anhydrite;CLUSTER_ONE;white_claystone
anhydrite;CLUSTER_SMALL;white_claystone
anhydrite;CLUSTER_ONE;white_conglomerate
anhydrite;CLUSTER_SMALL;white_conglomerate
anhydrite;CLUSTER_ONE;white_dolomite
anhydrite;CLUSTER_SMALL;white_dolomite
anhydrite;CLUSTER_ONE;white_limestone
anhydrite;CLUSTER_SMALL;white_limestone
anhydrite;CLUSTER_ONE;white_mudstone
anhydrite;CLUSTER_SMALL;white_mudstone
anhydrite;CLUSTER_ONE;white_rock_salt
anhydrite;CLUSTER_SMALL;white_rock_salt
anhydrite;CLUSTER_ONE;white_sandstone
anhydrite;CLUSTER_SMALL;white_sandstone
anhydrite;CLUSTER_ONE;white_shale
anhydrite;CLUSTER_SMALL;white_shale
anhydrite;CLUSTER_ONE;white_siltstone
anhydrite;CLUSTER_SMALL;white_siltstone
alunite;CLUSTER;black_andesite
alunite;CLUSTER;black_basalt
alunite;CLUSTER;black_chalk
alunite;CLUSTER;black_chert
alunite;CLUSTER;black_claystone
alunite;CLUSTER;black_conglomerate
alunite;CLUSTER;black_dacite
alunite;CLUSTER;black_dolomite
alunite;CLUSTER;black_limestone
alunite;CLUSTER;black_mudstone
alunite;CLUSTER;black_obsidian
alunite;CLUSTER;black_rhyolite
alunite;CLUSTER;black_rock_salt
alunite;CLUSTER;black_sandstone
alunite;CLUSTER;black_shale
alunite;CLUSTER;black_siltstone
raw_adamantine;NONE;NONE
slade;NONE;NONE
